tick,h1,h2,h3,h4,h5,h6,h7,h8,h9,h10,h11,h12
0,7,2,1,2,6,5,7,8,6,3,7,6
200,17,6,6,8,22,27,25,34,22,8,27,31
400,8,6,5,8,22,27,26,28,21,9,24,29
600,7,6,5,8,22,29,27,30,23,9,29,27
800,4,6,5,9,22,31,27,31,22,11,29,28
1000,3,6,5,9,23,32,25,29,22,7,28,30
1200,3,6,5,9,24,31,22,27,23,10,27,36
1400,2,6,5,9,24,29,21,24,23,11,27,41
1600,2,6,5,9,26,30,21,25,24,11,26,35
1800,2,6,5,9,26,31,21,25,24,11,27,33
2000,0,6,5,10,27,31,21,25,24,13,28,37
2200,0,6,6,12,27,30,19,22,22,12,25,36
2400,0,6,6,12,28,30,20,20,21,12,25,42
2600,0,5,6,13,29,30,20,19,21,12,24,47
2800,0,5,6,13,29,30,19,20,20,13,23,45
3000,0,5,6,13,29,29,16,19,19,17,22,43
3200,0,5,7,13,29,30,19,18,21,17,22,41
3400,0,4,7,12,29,30,19,17,18,18,21,47
3600,0,4,8,12,30,30,18,17,13,19,18,48
3800,0,3,8,12,30,31,16,16,12,19,19,51
4000,0,3,8,13,30,32,18,15,11,17,22,55
4200,0,2,8,13,30,33,18,14,12,13,20,51
4400,0,2,8,13,34,31,18,14,11,12,22,60
4600,0,2,8,13,34,31,16,13,11,11,22,61
4800,0,2,8,13,35,30,16,9,11,11,21,57
5000,0,2,8,14,35,30,17,9,12,14,22,70
5200,0,2,8,13,34,30,14,8,10,12,21,59
5400,0,2,10,14,36,31,13,8,10,12,24,67
5600,0,2,10,14,37,31,13,9,10,11,24,64
5800,0,2,11,13,38,32,13,8,8,11,21,58
6000,0,2,11,13,40,32,11,8,8,11,20,65
6200,0,2,11,13,41,33,11,7,8,11,20,65
6400,0,2,11,13,41,30,11,6,9,11,20,66
6600,0,2,11,14,40,31,11,5,10,12,16,66
6800,0,2,11,14,42,33,12,7,9,13,19,58
7000,0,2,11,14,42,34,13,11,9,13,23,57
7200,0,2,11,13,42,31,12,8,8,15,20,49
7400,0,2,11,14,41,33,14,9,11,16,23,50
7600,0,2,11,14,41,34,14,9,11,16,21,46
7800,0,2,12,15,42,37,15,9,10,16,16,45
8000,0,2,12,15,43,36,14,8,10,17,19,50
8200,0,2,12,15,44,36,12,8,8,15,18,48
8400,0,2,12,16,44,40,12,9,9,14,21,46
8600,0,2,12,16,44,40,12,8,9,12,19,38
8800,0,2,13,16,44,39,13,9,11,15,21,45
9000,0,2,13,16,44,40,13,11,10,13,17,37
9200,0,2,11,17,41,43,12,13,12,15,21,41
9400,0,2,11,16,41,38,10,10,10,15,22,45
9600,0,2,11,16,41,43,12,11,8,15,18,40
9800,0,2,11,16,41,44,12,10,9,18,16,45
10000,0,2,11,16,41,41,11,8,8,18,16,47
10200,0,2,11,16,42,44,12,6,7,18,16,44
10400,0,2,11,16,41,43,12,5,7,19,17,54
10600,0,2,10,16,38,43,9,5,7,18,13,53
10800,0,2,10,18,41,46,11,5,8,22,14,47
11000,0,2,10,18,39,46,8,4,7,23,16,51
11200,0,2,10,19,43,44,8,4,6,21,15,45
11400,0,2,10,20,43,43,8,4,5,24,19,44
11600,0,2,10,20,40,44,11,4,8,18,19,44
11800,0,2,10,20,40,44,12,4,7,18,20,42
12000,0,2,10,21,40,45,13,5,8,18,21,46
12200,0,2,10,21,40,45,13,5,6,15,19,40
12400,0,2,10,21,43,46,11,5,6,17,19,42
12600,0,2,10,21,45,44,11,5,6,21,21,39
12800,0,2,10,21,45,43,13,6,5,21,19,32
13000,0,2,10,18,46,41,9,5,5,26,25,34
13200,0,2,10,18,45,38,9,4,5,25,28,36
13400,0,2,10,18,44,37,10,3,8,25,33,35
13600,0,2,10,18,44,38,11,3,9,27,31,29
13800,0,2,10,19,44,38,12,3,8,27,28,28
14000,0,2,10,20,45,38,12,3,8,31,23,31
14200,0,2,10,19,44,39,14,3,9,31,21,30
14400,0,2,10,19,42,38,14,3,9,34,22,26
14600,0,2,10,19,40,37,14,3,12,37,23,27
14800,0,2,10,19,40,37,14,7,13,34,20,26
15000,0,2,9,19,40,36,13,6,14,34,18,26
15200,0,2,9,19,40,37,14,7,15,35,21,28
15400,0,2,10,19,40,36,14,3,13,32,18,24
15600,0,2,10,19,41,41,14,3,14,34,21,25
15800,0,2,10,19,41,41,14,3,15,36,22,25
16000,0,2,10,19,40,39,13,3,14,32,18,22
16200,0,2,10,19,41,43,13,4,15,34,17,28
16400,0,2,10,19,41,40,14,3,16,31,16,27
16600,0,2,11,19,42,39,14,4,18,32,14,22
16800,0,2,11,19,42,39,13,4,23,37,16,25
17000,0,2,13,19,42,38,11,4,18,27,11,20
17200,0,1,13,21,46,42,11,7,25,33,12,22
17400,0,1,12,22,46,41,11,7,20,29,7,18
17600,0,1,12,22,46,40,10,8,23,32,7,17
17800,0,1,12,22,47,41,12,10,25,35,9,17
18000,0,1,13,22,46,39,12,10,22,32,8,17
18200,0,1,13,22,46,38,12,10,22,30,8,15
18400,0,1,13,22,46,39,12,11,25,29,11,15
18600,0,1,13,23,46,40,11,11,24,28,10,11
18800,0,1,13,23,45,38,11,9,28,32,12,13
19000,0,0,14,24,44,35,10,7,30,30,11,13
19200,0,0,14,24,43,34,10,8,31,32,12,14
19400,0,0,14,24,44,34,11,9,34,32,10,10
19600,0,0,15,24,44,35,12,12,29,29,11,10
19800,0,0,16,23,44,35,13,13,28,33,9,12
20000,0,0,15,23,44,33,13,11,26,34,10,13
20200,0,0,16,23,47,33,12,8,25,36,9,10
20400,0,0,16,26,49,33,12,8,27,34,8,11
20600,0,0,17,25,46,31,11,9,32,36,11,10
20800,0,0,17,24,41,30,11,8,31,32,9,8
21000,0,0,17,24,42,35,12,9,33,37,9,9
21200,0,0,16,25,43,32,10,9,30,39,8,9
21400,0,0,16,24,45,34,11,9,30,32,7,7
21600,0,0,16,25,47,34,11,10,31,33,10,9
21800,0,0,16,23,48,35,12,10,30,34,10,11
22000,0,0,16,23,46,34,12,9,28,29,8,10
22200,0,0,16,24,48,34,11,11,29,33,9,12
22400,0,0,15,24,45,33,10,8,29,34,9,11
22600,0,0,15,25,44,33,10,6,31,35,10,11
22800,0,0,15,26,42,33,7,7,31,37,12,10
23000,0,0,15,26,47,34,7,8,31,35,12,8
23200,0,0,14,25,49,35,8,9,29,39,10,7
23400,0,0,14,26,48,35,10,8,23,38,12,8
23600,0,0,14,26,48,35,11,9,21,41,12,11
23800,0,0,14,26,48,31,11,8,17,36,10,10
24000,0,0,14,27,47,34,14,12,20,44,10,9
24200,0,0,14,27,46,33,20,11,16,32,10,5
24400,0,0,14,27,46,33,22,14,18,34,12,4
24600,0,0,14,27,46,34,22,13,22,30,12,5
24800,0,0,15,29,46,34,22,14,19,26,9,5
25000,0,0,15,30,45,34,20,14,23,26,11,4
25200,0,0,13,30,48,34,19,14,25,26,11,4
25400,0,0,13,29,48,31,16,13,25,24,11,4
25600,0,0,12,31,47,31,13,15,32,28,14,6
25800,0,0,11,34,47,31,14,17,28,22,8,7
26000,0,0,11,32,48,33,14,22,27,20,9,7
26200,0,0,11,30,47,32,13,18,30,21,12,8
26400,0,0,11,29,46,32,13,18,30,20,12,7
26600,0,0,11,29,46,32,13,20,30,21,12,7
26800,0,0,11,29,46,32,13,25,32,22,12,6
27000,0,0,11,28,45,31,13,23,29,22,11,6
27200,0,0,11,28,44,29,13,23,32,24,12,6
27400,0,0,11,28,43,28,11,25,35,23,12,6
27600,0,0,11,30,42,28,12,25,35,20,11,5
27800,0,0,11,31,42,28,12,25,41,18,11,5
28000,0,0,11,31,41,27,11,23,44,20,11,6
28200,0,0,11,31,40,25,11,23,42,20,10,6
28400,0,0,11,31,39,22,10,23,46,22,11,4
28600,0,0,10,31,40,21,10,25,47,20,11,5
28800,0,0,10,31,40,21,12,25,47,18,8,3
29000,0,0,11,31,41,23,15,28,52,17,7,5
29200,0,0,10,31,41,23,14,25,45,13,5,4
29400,0,0,10,31,40,24,14,29,54,15,6,3
29600,0,0,10,31,41,24,13,30,53,15,7,3
29800,0,0,10,31,41,24,13,30,52,12,8,2
