desconto,seed,hi,hj,freq_hj,hor_m_fim,pop_fim,fixou
0.30,1,10,11,0.0722,10.0722,227.7,misto
0.30,2,10,11,0.4533,10.4533,273.7,misto
0.30,3,10,11,0.6263,10.6263,325.2,misto
0.30,4,10,11,0.0358,10.0358,248.1,misto
0.30,5,10,11,0.7069,10.7069,299.7,misto
0.30,6,10,11,0.0000,10.0000,328.0,HI
0.30,7,10,11,0.9945,10.9945,317.1,HJ
0.30,8,10,11,0.7218,10.7218,274.6,misto
0.30,1,11,12,0.0722,11.0722,227.7,misto
0.30,2,11,12,0.7191,11.7191,272.9,misto
0.30,3,11,12,0.6263,11.6263,325.2,misto
0.30,4,11,12,0.0358,11.0358,248.1,misto
0.30,5,11,12,0.7575,11.7575,298.8,misto
0.30,6,11,12,0.0000,11.0000,328.0,HI
0.30,7,11,12,0.9945,11.9945,317.1,HJ
0.30,8,11,12,0.7791,11.7791,273.0,misto
0.30,1,1,12,1.0000,12.0000,227.9,HJ
0.30,2,1,12,1.0000,12.0000,273.4,HJ
0.30,3,1,12,1.0000,12.0000,329.0,HJ
0.30,4,1,12,1.0000,12.0000,249.3,HJ
0.30,5,1,12,1.0000,12.0000,302.5,HJ
0.30,6,1,12,1.0000,12.0000,328.8,HJ
0.30,7,1,12,1.0000,12.0000,316.8,HJ
0.30,8,1,12,1.0000,12.0000,273.2,HJ
0.30,1,1,2,1.0000,2.0000,229.1,HJ
0.30,2,1,2,1.0000,2.0000,273.1,HJ
0.30,3,1,2,1.0000,2.0000,323.5,HJ
0.30,4,1,2,1.0000,2.0000,249.7,HJ
0.30,5,1,2,1.0000,2.0000,299.2,HJ
0.30,6,1,2,0.7529,1.7529,327.2,misto
0.30,7,1,2,0.9970,1.9970,316.0,HJ
0.30,8,1,2,1.0000,2.0000,274.5,HJ
0.30,1,2,3,0.8727,2.8727,226.8,misto
0.30,2,2,3,0.8941,2.8941,274.6,misto
0.30,3,2,3,0.8503,2.8503,323.4,misto
0.30,4,2,3,0.9915,2.9915,248.2,HJ
0.30,5,2,3,0.7432,2.7432,301.0,misto
0.30,6,2,3,0.6753,2.6753,328.2,misto
0.30,7,2,3,1.0000,3.0000,319.1,HJ
0.30,8,2,3,0.3620,2.3620,273.9,misto
0.30,1,3,12,0.8622,10.7599,227.1,misto
0.30,2,3,12,0.6041,8.4373,273.8,misto
0.30,3,3,12,0.7571,9.8142,323.3,misto
0.30,4,3,12,0.9164,11.2473,250.2,misto
0.30,5,3,12,0.7284,9.5558,299.9,misto
0.30,6,3,12,0.1133,4.0201,327.4,misto
0.30,7,3,12,0.0419,3.3773,316.5,misto
0.30,8,3,12,0.3790,6.4113,272.9,misto
0.30,1,3,4,0.6095,3.6095,227.0,misto
0.30,2,3,4,0.6535,3.6535,273.0,misto
0.30,3,3,4,0.5923,3.5923,322.4,misto
0.30,4,3,4,0.0893,3.0893,249.2,misto
0.30,5,3,4,0.5391,3.5391,299.3,misto
0.30,6,3,4,0.0955,3.0955,328.9,misto
0.30,7,3,4,1.0000,4.0000,316.5,HJ
0.30,8,3,4,0.9960,3.9960,274.5,HJ
0.30,1,4,5,0.8605,4.8605,227.3,misto
0.30,2,4,5,0.8608,4.8608,273.8,misto
0.30,3,4,5,0.5798,4.5798,322.6,misto
0.30,4,4,5,0.1112,4.1112,249.3,misto
0.30,5,4,5,0.4075,4.4075,299.9,misto
0.30,6,4,5,0.5967,4.5967,326.2,misto
0.30,7,4,5,0.9930,4.9930,318.9,HJ
0.30,8,4,5,0.7414,4.7414,273.3,misto
0.30,1,5,6,0.8044,5.8044,227.6,misto
0.30,2,5,6,0.5202,5.5202,273.5,misto
0.30,3,5,6,0.6607,5.6607,324.2,misto
0.30,4,5,6,0.9041,5.9041,250.6,misto
0.30,5,5,6,0.3841,5.3841,298.5,misto
0.30,6,5,6,0.7483,5.7483,328.1,misto
0.30,7,5,6,1.0000,6.0000,317.5,HJ
0.30,8,5,6,0.4580,5.4580,274.9,misto
0.30,1,6,12,0.7246,10.3479,228.7,misto
0.30,2,6,12,0.7091,10.2546,273.6,misto
0.30,3,6,12,0.7328,10.3969,325.4,misto
0.30,4,6,12,0.1978,7.1870,248.8,misto
0.30,5,6,12,0.6209,9.7252,300.5,misto
0.30,6,6,12,0.1103,6.6620,328.6,misto
0.30,7,6,12,0.0190,6.1137,317.2,HI
0.30,8,6,12,0.5218,9.1311,273.7,misto
0.30,1,6,7,0.1842,6.1842,226.7,misto
0.30,2,6,7,0.7289,6.7289,272.9,misto
0.30,3,6,7,0.8425,6.8425,326.1,misto
0.30,4,6,7,0.5817,6.5817,249.3,misto
0.30,5,6,7,0.1927,6.1927,299.1,misto
0.30,6,6,7,0.0074,6.0074,327.4,HI
0.30,7,6,7,0.9798,6.9798,319.1,misto
0.30,8,6,7,0.6982,6.6982,274.0,misto
0.30,1,7,8,0.5146,7.5146,227.7,misto
0.30,2,7,8,0.6235,7.6235,273.0,misto
0.30,3,7,8,0.5004,7.5004,326.5,misto
0.30,4,7,8,0.4164,7.4164,249.7,misto
0.30,5,7,8,0.1365,7.1365,299.3,misto
0.30,6,7,8,0.0000,7.0000,327.8,HI
0.30,7,7,8,1.0000,8.0000,317.2,HJ
0.30,8,7,8,0.3969,7.3969,274.8,misto
0.30,1,8,9,0.4064,8.4064,227.6,misto
0.30,2,8,9,0.8259,8.8259,272.4,misto
0.30,3,8,9,0.6840,8.6840,325.5,misto
0.30,4,8,9,0.1558,8.1558,250.0,misto
0.30,5,8,9,0.7028,8.7028,298.6,misto
0.30,6,8,9,0.0000,8.0000,329.3,HI
0.30,7,8,9,1.0000,9.0000,316.3,HJ
0.30,8,8,9,0.7590,8.7590,274.5,misto
0.30,1,9,10,0.6182,9.6182,226.4,misto
0.30,2,9,10,0.4473,9.4473,273.2,misto
0.30,3,9,10,0.6283,9.6283,326.1,misto
0.30,4,9,10,0.1391,9.1391,250.1,misto
0.30,5,9,10,0.7028,9.7028,298.6,misto
0.30,6,9,10,0.0000,9.0000,327.8,HI
0.30,7,9,10,0.9970,9.9970,318.8,HJ
0.30,8,9,10,0.3275,9.3275,274.1,misto
0.30,1,9,12,0.6182,10.8545,226.4,misto
0.30,2,9,12,0.5834,10.7503,273.4,misto
0.30,3,9,12,0.6281,10.8844,326.1,misto
0.30,4,9,12,0.1391,9.4174,250.1,misto
0.30,5,9,12,0.7029,11.1086,298.6,misto
0.30,6,9,12,0.0000,9.0000,327.8,HI
0.30,7,9,12,0.9942,11.9825,317.1,HJ
0.30,8,9,12,0.7218,11.1653,274.6,misto
0.50,1,10,11,0.4638,10.4638,226.1,misto
0.50,2,10,11,0.7102,10.7102,273.2,misto
0.50,3,10,11,0.5088,10.5088,321.0,misto
0.50,4,10,11,0.2504,10.2504,250.1,misto
0.50,5,10,11,0.6611,10.6611,299.2,misto
0.50,6,10,11,0.3186,10.3186,328.8,misto
0.50,7,10,11,0.9749,10.9749,318.0,misto
0.50,8,10,11,0.9050,10.9050,273.9,misto
0.50,1,11,12,0.4172,11.4172,226.1,misto
0.50,2,11,12,0.5164,11.5164,274.2,misto
0.50,3,11,12,0.3806,11.3806,325.5,misto
0.50,4,11,12,0.8796,11.8796,250.2,misto
0.50,5,11,12,0.3036,11.3036,301.4,misto
0.50,6,11,12,0.0769,11.0769,329.9,misto
0.50,7,11,12,0.7668,11.7668,319.3,misto
0.50,8,11,12,0.5341,11.5341,274.6,misto
0.50,1,1,12,1.0000,12.0000,227.6,HJ
0.50,2,1,12,1.0000,12.0000,272.7,HJ
0.50,3,1,12,1.0000,12.0000,325.6,HJ
0.50,4,1,12,1.0000,12.0000,249.9,HJ
0.50,5,1,12,1.0000,12.0000,297.8,HJ
0.50,6,1,12,1.0000,12.0000,329.5,HJ
0.50,7,1,12,1.0000,12.0000,318.6,HJ
0.50,8,1,12,1.0000,12.0000,274.9,HJ
0.50,1,1,2,1.0000,2.0000,227.9,HJ
0.50,2,1,2,1.0000,2.0000,272.8,HJ
0.50,3,1,2,1.0000,2.0000,325.3,HJ
0.50,4,1,2,1.0000,2.0000,249.7,HJ
0.50,5,1,2,1.0000,2.0000,299.5,HJ
0.50,6,1,2,1.0000,2.0000,329.2,HJ
0.50,7,1,2,1.0000,2.0000,317.4,HJ
0.50,8,1,2,1.0000,2.0000,273.4,HJ
0.50,1,2,3,1.0000,3.0000,227.8,HJ
0.50,2,2,3,1.0000,3.0000,273.3,HJ
0.50,3,2,3,0.8613,2.8613,323.6,misto
0.50,4,2,3,0.9938,2.9938,250.9,HJ
0.50,5,2,3,0.9399,2.9399,299.1,misto
0.50,6,2,3,0.6813,2.6813,327.9,misto
0.50,7,2,3,1.0000,3.0000,316.5,HJ
0.50,8,2,3,1.0000,3.0000,275.8,HJ
0.50,1,3,12,0.9677,11.7090,227.9,misto
0.50,2,3,12,0.9621,11.6589,272.4,misto
0.50,3,3,12,0.9149,11.2338,324.8,misto
0.50,4,3,12,0.9945,11.9509,248.1,HJ
0.50,5,3,12,0.9078,11.1699,299.9,misto
0.50,6,3,12,0.9337,11.4035,328.7,misto
0.50,7,3,12,0.9306,11.3751,318.8,misto
0.50,8,3,12,1.0000,12.0000,274.8,HJ
0.50,1,3,4,0.9514,3.9514,227.4,misto
0.50,2,3,4,0.9875,3.9875,272.9,HJ
0.50,3,3,4,0.6295,3.6295,324.1,misto
0.50,4,3,4,0.9457,3.9457,251.1,misto
0.50,5,3,4,0.8209,3.8209,301.5,misto
0.50,6,3,4,0.6809,3.6809,329.7,misto
0.50,7,3,4,0.7811,3.7811,317.6,misto
0.50,8,3,4,0.9563,3.9563,275.3,misto
0.50,1,4,5,0.8952,4.8952,228.1,misto
0.50,2,4,5,0.6625,4.6625,272.1,misto
0.50,3,4,5,0.6776,4.6776,326.9,misto
0.50,4,4,5,0.8570,4.8570,249.5,misto
0.50,5,4,5,0.5700,4.5700,300.2,misto
0.50,6,4,5,0.3805,4.3805,329.4,misto
0.50,7,4,5,0.3037,4.3037,317.7,misto
0.50,8,4,5,0.9757,4.9757,274.3,misto
0.50,1,5,6,0.8217,5.8217,227.0,misto
0.50,2,5,6,0.6042,5.6042,272.9,misto
0.50,3,5,6,0.6487,5.6487,325.0,misto
0.50,4,5,6,0.1146,5.1146,248.1,misto
0.50,5,5,6,0.3881,5.3881,302.4,misto
0.50,6,5,6,0.3660,5.3660,327.4,misto
0.50,7,5,6,0.8997,5.8997,316.4,misto
0.50,8,5,6,0.7991,5.7991,274.5,misto
0.50,1,6,12,0.6776,10.0658,226.1,misto
0.50,2,6,12,0.6482,9.8893,273.0,misto
0.50,3,6,12,0.6965,10.1788,325.1,misto
0.50,4,6,12,0.9239,11.5431,247.8,misto
0.50,5,6,12,0.7557,10.5341,300.1,misto
0.50,6,6,12,0.3880,8.3282,327.3,misto
0.50,7,6,12,0.0753,6.4517,317.8,misto
0.50,8,6,12,0.9841,11.9048,273.1,HJ
0.50,1,6,7,0.7988,6.7988,227.7,misto
0.50,2,6,7,0.5393,6.5393,272.4,misto
0.50,3,6,7,0.5000,6.5000,323.2,misto
0.50,4,6,7,0.1927,6.1927,250.9,misto
0.50,5,6,7,0.7519,6.7519,302.0,misto
0.50,6,6,7,0.1145,6.1145,327.1,misto
0.50,7,6,7,0.9745,6.9745,320.0,misto
0.50,8,6,7,0.9975,6.9975,273.9,HJ
0.50,1,7,8,0.6018,7.6018,228.0,misto
0.50,2,7,8,0.2205,7.2205,272.6,misto
0.50,3,7,8,0.6350,7.6350,322.9,misto
0.50,4,7,8,0.6528,7.6528,250.7,misto
0.50,5,7,8,0.6197,7.6197,300.2,misto
0.50,6,7,8,0.3426,7.3426,326.9,misto
0.50,7,7,8,0.0795,7.0795,316.7,misto
0.50,8,7,8,0.7674,7.7674,273.9,misto
0.50,1,8,9,0.7060,8.7060,227.0,misto
0.50,2,8,9,0.5573,8.5573,274.1,misto
0.50,3,8,9,0.7238,8.7238,323.3,misto
0.50,4,8,9,0.6332,8.6332,250.0,misto
0.50,5,8,9,0.3999,8.3999,300.2,misto
0.50,6,8,9,0.3725,8.3725,329.3,misto
0.50,7,8,9,0.9866,8.9866,318.4,HJ
0.50,8,8,9,0.2600,8.2600,274.6,misto
0.50,1,9,10,0.8842,9.8842,228.5,misto
0.50,2,9,10,0.4172,9.4172,271.8,misto
0.50,3,9,10,0.7724,9.7724,324.2,misto
0.50,4,9,10,0.3220,9.3220,247.7,misto
0.50,5,9,10,0.3453,9.3453,299.6,misto
0.50,6,9,10,0.1558,9.1558,328.3,misto
0.50,7,9,10,0.3606,9.3606,318.7,misto
0.50,8,9,10,0.5577,9.5577,273.7,misto
0.50,1,9,12,0.7746,11.3239,225.4,misto
0.50,2,9,12,0.2344,9.7033,272.4,misto
0.50,3,9,12,0.3607,10.0821,327.7,misto
0.50,4,9,12,0.3330,9.9989,250.3,misto
0.50,5,9,12,0.7530,11.2589,299.8,misto
0.50,6,9,12,0.3151,9.9454,330.7,misto
0.50,7,9,12,0.1604,9.4811,315.9,misto
0.50,8,9,12,1.0000,12.0000,272.2,HJ
0.80,1,10,11,0.5324,10.5324,221.6,misto
0.80,2,10,11,0.5176,10.5176,269.7,misto
0.80,3,10,11,0.4755,10.4755,322.6,misto
0.80,4,10,11,0.5253,10.5253,240.4,misto
0.80,5,10,11,0.5604,10.5604,294.5,misto
0.80,6,10,11,0.4180,10.4180,322.9,misto
0.80,7,10,11,0.6154,10.6154,314.2,misto
0.80,8,10,11,0.5386,10.5386,270.1,misto
0.80,1,11,12,0.7001,11.7001,220.2,misto
0.80,2,11,12,0.5090,11.5090,268.4,misto
0.80,3,11,12,0.4704,11.4704,315.6,misto
0.80,4,11,12,0.6348,11.6348,243.3,misto
0.80,5,11,12,0.5121,11.5121,291.4,misto
0.80,6,11,12,0.4379,11.4379,324.5,misto
0.80,7,11,12,0.5442,11.5442,311.6,misto
0.80,8,11,12,0.6743,11.6743,269.6,misto
0.80,1,1,12,1.0000,12.0000,223.0,HJ
0.80,2,1,12,1.0000,12.0000,265.8,HJ
0.80,3,1,12,1.0000,12.0000,323.5,HJ
0.80,4,1,12,1.0000,12.0000,245.2,HJ
0.80,5,1,12,1.0000,12.0000,292.9,HJ
0.80,6,1,12,1.0000,12.0000,322.9,HJ
0.80,7,1,12,1.0000,12.0000,312.8,HJ
0.80,8,1,12,1.0000,12.0000,269.7,HJ
0.80,1,1,2,1.0000,2.0000,227.1,HJ
0.80,2,1,2,1.0000,2.0000,273.4,HJ
0.80,3,1,2,1.0000,2.0000,322.8,HJ
0.80,4,1,2,1.0000,2.0000,250.4,HJ
0.80,5,1,2,1.0000,2.0000,301.8,HJ
0.80,6,1,2,1.0000,2.0000,329.9,HJ
0.80,7,1,2,1.0000,2.0000,316.9,HJ
0.80,8,1,2,1.0000,2.0000,273.0,HJ
0.80,1,2,3,1.0000,3.0000,226.5,HJ
0.80,2,2,3,1.0000,3.0000,272.9,HJ
0.80,3,2,3,0.9806,2.9806,325.8,HJ
0.80,4,2,3,1.0000,3.0000,249.0,HJ
0.80,5,2,3,0.9797,2.9797,299.0,misto
0.80,6,2,3,0.9962,2.9962,329.1,HJ
0.80,7,2,3,1.0000,3.0000,318.5,HJ
0.80,8,2,3,1.0000,3.0000,274.6,HJ
0.80,1,3,12,0.9732,11.7584,223.4,misto
0.80,2,3,12,0.9888,11.8996,268.8,HJ
0.80,3,3,12,0.7891,10.1017,322.4,misto
0.80,4,3,12,0.9632,11.6684,244.2,misto
0.80,5,3,12,0.8848,10.9632,295.7,misto
0.80,6,3,12,0.9692,11.7229,324.8,misto
0.80,7,3,12,0.9285,11.3566,316.2,misto
0.80,8,3,12,0.9925,11.9326,266.8,HJ
0.80,1,3,4,0.9957,3.9957,225.5,HJ
0.80,2,3,4,0.9894,3.9894,272.0,HJ
0.80,3,3,4,0.8242,3.8242,325.4,misto
0.80,4,3,4,0.9929,3.9929,246.7,HJ
0.80,5,3,4,0.9104,3.9104,298.9,misto
0.80,6,3,4,0.9672,3.9672,327.1,misto
0.80,7,3,4,0.9091,3.9091,314.4,misto
0.80,8,3,4,1.0000,4.0000,272.9,HJ
0.80,1,4,5,0.8496,4.8496,228.0,misto
0.80,2,4,5,0.8962,4.8962,270.8,misto
0.80,3,4,5,0.6946,4.6946,324.8,misto
0.80,4,4,5,0.8533,4.8533,248.2,misto
0.80,5,4,5,0.6917,4.6917,298.0,misto
0.80,6,4,5,0.9276,4.9276,329.1,misto
0.80,7,4,5,0.8513,4.8513,315.7,misto
0.80,8,4,5,0.9252,4.9252,269.9,misto
0.80,1,5,6,0.8557,5.8557,228.6,misto
0.80,2,5,6,0.7543,5.7543,272.0,misto
0.80,3,5,6,0.5959,5.5959,325.4,misto
0.80,4,5,6,0.8747,5.8747,244.4,misto
0.80,5,5,6,0.6808,5.6808,301.1,misto
0.80,6,5,6,0.6754,5.6754,328.5,misto
0.80,7,5,6,0.7908,5.7908,314.4,misto
0.80,8,5,6,0.8975,5.8975,271.2,misto
0.80,1,6,12,0.8392,11.0351,221.8,misto
0.80,2,6,12,0.7693,10.6157,268.3,misto
0.80,3,6,12,0.5521,9.3123,321.8,misto
0.80,4,6,12,0.7734,10.6407,245.5,misto
0.80,5,6,12,0.6335,9.8007,299.4,misto
0.80,6,6,12,0.7546,10.5275,325.7,misto
0.80,7,6,12,0.7488,10.4927,317.6,misto
0.80,8,6,12,0.8047,10.8281,268.2,misto
0.80,1,6,7,0.6730,6.6730,226.4,misto
0.80,2,6,7,0.5688,6.5688,268.2,misto
0.80,3,6,7,0.5081,6.5081,325.1,misto
0.80,4,6,7,0.7434,6.7434,251.6,misto
0.80,5,6,7,0.5513,6.5513,292.4,misto
0.80,6,6,7,0.4472,6.4472,326.2,misto
0.80,7,6,7,0.7886,6.7886,313.9,misto
0.80,8,6,7,0.7475,6.7475,270.9,misto
0.80,1,7,8,0.8557,7.8557,221.0,misto
0.80,2,7,8,0.6046,7.6046,269.3,misto
0.80,3,7,8,0.5219,7.5219,320.8,misto
0.80,4,7,8,0.6197,7.6197,246.8,misto
0.80,5,7,8,0.5119,7.5119,301.3,misto
0.80,6,7,8,0.5452,7.5452,321.9,misto
0.80,7,7,8,0.7587,7.7587,318.4,misto
0.80,8,7,8,0.6216,7.6216,271.9,misto
0.80,1,8,9,0.7162,8.7162,224.9,misto
0.80,2,8,9,0.6633,8.6633,270.1,misto
0.80,3,8,9,0.5511,8.5511,320.6,misto
0.80,4,8,9,0.4061,8.4061,242.4,misto
0.80,5,8,9,0.4574,8.4574,298.1,misto
0.80,6,8,9,0.3345,8.3345,326.5,misto
0.80,7,8,9,0.5770,8.5770,314.1,misto
0.80,8,8,9,0.8152,8.8152,268.9,misto
0.80,1,9,10,0.6341,9.6341,224.9,misto
0.80,2,9,10,0.5017,9.5017,266.4,misto
0.80,3,9,10,0.5934,9.5934,319.2,misto
0.80,4,9,10,0.3102,9.3102,248.0,misto
0.80,5,9,10,0.5494,9.5494,295.1,misto
0.80,6,9,10,0.5685,9.5685,324.5,misto
0.80,7,9,10,0.4658,9.4658,314.8,misto
0.80,8,9,10,0.6059,9.6059,268.9,misto
0.80,1,9,12,0.8132,11.4395,224.6,misto
0.80,2,9,12,0.5701,10.7104,268.0,misto
0.80,3,9,12,0.5653,10.6959,322.3,misto
0.80,4,9,12,0.5967,10.7901,243.2,misto
0.80,5,9,12,0.4771,10.4314,291.7,misto
0.80,6,9,12,0.6403,10.9208,326.0,misto
0.80,7,9,12,0.6025,10.8074,314.8,misto
0.80,8,9,12,0.5626,10.6877,269.1,misto
0.90,1,10,11,0.5203,10.5203,219.9,misto
0.90,2,10,11,0.5108,10.5108,269.2,misto
0.90,3,10,11,0.4659,10.4659,317.0,misto
0.90,4,10,11,0.5221,10.5221,239.6,misto
0.90,5,10,11,0.4626,10.4626,287.0,misto
0.90,6,10,11,0.3911,10.3911,321.0,misto
0.90,7,10,11,0.4961,10.4961,308.0,misto
0.90,8,10,11,0.4617,10.4617,265.0,misto
0.90,1,11,12,0.4180,11.4180,220.3,misto
0.90,2,11,12,0.5170,11.5170,267.4,misto
0.90,3,11,12,0.4196,11.4196,319.5,misto
0.90,4,11,12,0.3307,11.3307,239.8,misto
0.90,5,11,12,0.4563,11.4563,291.7,misto
0.90,6,11,12,0.4337,11.4337,321.8,misto
0.90,7,11,12,0.5616,11.5616,307.6,misto
0.90,8,11,12,0.5028,11.5028,264.1,misto
0.90,1,1,12,0.9199,11.1187,219.8,misto
0.90,2,1,12,0.9931,11.9241,261.7,HJ
0.90,3,1,12,0.9059,10.9654,319.0,misto
0.90,4,1,12,0.9407,11.3479,236.7,misto
0.90,5,1,12,0.9862,11.8485,290.5,HJ
0.90,6,1,12,0.9803,11.7835,322.2,HJ
0.90,7,1,12,0.9547,11.5015,311.7,misto
0.90,8,1,12,0.9700,11.6696,266.4,misto
0.90,1,1,2,1.0000,2.0000,227.1,HJ
0.90,2,1,2,1.0000,2.0000,273.5,HJ
0.90,3,1,2,1.0000,2.0000,324.6,HJ
0.90,4,1,2,1.0000,2.0000,248.4,HJ
0.90,5,1,2,1.0000,2.0000,301.2,HJ
0.90,6,1,2,1.0000,2.0000,328.5,HJ
0.90,7,1,2,1.0000,2.0000,318.5,HJ
0.90,8,1,2,1.0000,2.0000,272.6,HJ
0.90,1,2,3,1.0000,3.0000,226.4,HJ
0.90,2,2,3,1.0000,3.0000,271.9,HJ
0.90,3,2,3,0.9914,2.9914,322.2,HJ
0.90,4,2,3,1.0000,3.0000,250.7,HJ
0.90,5,2,3,0.9970,2.9970,299.2,HJ
0.90,6,2,3,1.0000,3.0000,326.9,HJ
0.90,7,2,3,1.0000,3.0000,315.1,HJ
0.90,8,2,3,1.0000,3.0000,272.4,HJ
0.90,1,3,12,0.6848,9.1629,219.2,misto
0.90,2,3,12,0.8197,10.3774,272.3,misto
0.90,3,3,12,0.5982,8.3834,318.4,misto
0.90,4,3,12,0.7104,9.3936,237.5,misto
0.90,5,3,12,0.6727,9.0544,298.8,misto
0.90,6,3,12,0.8287,10.4583,322.1,misto
0.90,7,3,12,0.7665,9.8982,308.3,misto
0.90,8,3,12,0.7746,9.9716,267.1,misto
0.90,1,3,4,0.9767,3.9767,226.4,misto
0.90,2,3,4,0.9262,3.9262,271.2,misto
0.90,3,3,4,0.8016,3.8016,323.5,misto
0.90,4,3,4,0.9617,3.9617,247.6,misto
0.90,5,3,4,0.8870,3.8870,299.6,misto
0.90,6,3,4,0.9734,3.9734,327.7,misto
0.90,7,3,4,0.9333,3.9333,313.9,misto
0.90,8,3,4,1.0000,4.0000,272.9,HJ
0.90,1,4,5,0.9041,4.9041,224.2,misto
0.90,2,4,5,0.7842,4.7842,269.4,misto
0.90,3,4,5,0.5623,4.5623,323.5,misto
0.90,4,4,5,0.8105,4.8105,244.0,misto
0.90,5,4,5,0.6514,4.6514,295.5,misto
0.90,6,4,5,0.7489,4.7489,329.2,misto
0.90,7,4,5,0.7887,4.7887,316.4,misto
0.90,8,4,5,0.8926,4.8926,269.8,misto
0.90,1,5,6,0.6877,5.6877,221.7,misto
0.90,2,5,6,0.6887,5.6887,271.3,misto
0.90,3,5,6,0.5139,5.5139,321.1,misto
0.90,4,5,6,0.6594,5.6594,243.6,misto
0.90,5,5,6,0.5090,5.5090,292.6,misto
0.90,6,5,6,0.7064,5.7064,322.7,misto
0.90,7,5,6,0.5875,5.5875,314.6,misto
0.90,8,5,6,0.6603,5.6603,269.5,misto
0.90,1,6,12,0.4704,8.8224,216.3,misto
0.90,2,6,12,0.5071,9.0428,267.8,misto
0.90,3,6,12,0.4213,8.5281,324.8,misto
0.90,4,6,12,0.5342,9.2049,244.2,misto
0.90,5,6,12,0.4401,8.6409,297.2,misto
0.90,6,6,12,0.5497,9.2985,323.1,misto
0.90,7,6,12,0.6470,9.8817,306.4,misto
0.90,8,6,12,0.6034,9.6205,262.6,misto
0.90,1,6,7,0.5882,6.5882,221.2,misto
0.90,2,6,7,0.5270,6.5270,265.9,misto
0.90,3,6,7,0.4982,6.4982,321.7,misto
0.90,4,6,7,0.6484,6.6484,251.8,misto
0.90,5,6,7,0.4811,6.4811,296.0,misto
0.90,6,6,7,0.5662,6.5662,326.3,misto
0.90,7,6,7,0.5472,6.5472,313.3,misto
0.90,8,6,7,0.6771,6.6771,266.4,misto
0.90,1,7,8,0.5288,7.5288,217.1,misto
0.90,2,7,8,0.5715,7.5715,262.3,misto
0.90,3,7,8,0.5290,7.5290,321.5,misto
0.90,4,7,8,0.6684,7.6684,241.2,misto
0.90,5,7,8,0.6110,7.6110,298.0,misto
0.90,6,7,8,0.5718,7.5718,321.8,misto
0.90,7,7,8,0.5793,7.5793,313.4,misto
0.90,8,7,8,0.7219,7.7219,271.8,misto
0.90,1,8,9,0.4791,8.4791,218.8,misto
0.90,2,8,9,0.5466,8.5466,269.8,misto
0.90,3,8,9,0.4911,8.4911,318.2,misto
0.90,4,8,9,0.5224,8.5224,241.8,misto
0.90,5,8,9,0.5233,8.5233,301.4,misto
0.90,6,8,9,0.5516,8.5516,319.7,misto
0.90,7,8,9,0.5516,8.5516,317.3,misto
0.90,8,8,9,0.5587,8.5587,264.0,misto
0.90,1,9,10,0.5989,9.5989,223.4,misto
0.90,2,9,10,0.5321,9.5321,271.4,misto
0.90,3,9,10,0.4945,9.4945,320.7,misto
0.90,4,9,10,0.5077,9.5077,238.8,misto
0.90,5,9,10,0.4869,9.4869,289.0,misto
0.90,6,9,10,0.5303,9.5303,323.6,misto
0.90,7,9,10,0.5147,9.5147,312.4,misto
0.90,8,9,10,0.5668,9.5668,266.6,misto
0.90,1,9,12,0.5049,10.5147,223.0,misto
0.90,2,9,12,0.3617,10.0851,258.1,misto
0.90,3,9,12,0.3824,10.1471,315.8,misto
0.90,4,9,12,0.4797,10.4390,242.2,misto
0.90,5,9,12,0.4625,10.3875,290.5,misto
0.90,6,9,12,0.4616,10.3849,317.4,misto
0.90,7,9,12,0.5041,10.5122,310.3,misto
0.90,8,9,12,0.5897,10.7692,260.5,misto
0.95,1,10,11,0.2605,10.2605,215.0,misto
0.95,2,10,11,0.2023,10.2023,262.9,misto
0.95,3,10,11,0.1800,10.1800,314.8,misto
0.95,4,10,11,0.1530,10.1530,237.9,misto
0.95,5,10,11,0.2880,10.2880,289.3,misto
0.95,6,10,11,0.2747,10.2747,318.2,misto
0.95,7,10,11,0.2470,10.2470,309.2,misto
0.95,8,10,11,0.3181,10.3181,262.0,misto
0.95,1,11,12,0.1522,11.1522,213.9,misto
0.95,2,11,12,0.2692,11.2692,258.9,misto
0.95,3,11,12,0.1824,11.1824,316.8,misto
0.95,4,11,12,0.0766,11.0766,236.8,misto
0.95,5,11,12,0.2186,11.2186,288.7,misto
0.95,6,11,12,0.2409,11.2409,316.9,misto
0.95,7,11,12,0.2299,11.2299,304.4,misto
0.95,8,11,12,0.2442,11.2442,260.7,misto
0.95,1,1,12,0.8351,10.1862,220.8,misto
0.95,2,1,12,0.8921,10.8131,263.6,misto
0.95,3,1,12,0.7989,9.7878,320.2,misto
0.95,4,1,12,0.7951,9.7459,242.3,misto
0.95,5,1,12,0.9049,10.9542,290.7,misto
0.95,6,1,12,0.9001,10.9006,319.3,misto
0.95,7,1,12,0.8735,10.6083,309.7,misto
0.95,8,1,12,0.8729,10.6021,265.8,misto
0.95,1,1,2,1.0000,2.0000,226.6,HJ
0.95,2,1,2,1.0000,2.0000,271.5,HJ
0.95,3,1,2,1.0000,2.0000,326.1,HJ
0.95,4,1,2,1.0000,2.0000,250.7,HJ
0.95,5,1,2,1.0000,2.0000,300.9,HJ
0.95,6,1,2,1.0000,2.0000,329.1,HJ
0.95,7,1,2,1.0000,2.0000,318.9,HJ
0.95,8,1,2,1.0000,2.0000,273.4,HJ
0.95,1,2,3,1.0000,3.0000,224.8,HJ
0.95,2,2,3,1.0000,3.0000,271.8,HJ
0.95,3,2,3,0.9752,2.9752,322.8,misto
0.95,4,2,3,1.0000,3.0000,247.8,HJ
0.95,5,2,3,0.9970,2.9970,301.4,HJ
0.95,6,2,3,1.0000,3.0000,327.1,HJ
0.95,7,2,3,1.0000,3.0000,316.1,HJ
0.95,8,2,3,1.0000,3.0000,271.6,HJ
0.95,1,3,12,0.5366,7.8296,223.0,misto
0.95,2,3,12,0.7014,9.3125,263.2,misto
0.95,3,3,12,0.5428,7.8849,321.8,misto
0.95,4,3,12,0.5897,8.3071,246.3,misto
0.95,5,3,12,0.5843,8.2590,297.0,misto
0.95,6,3,12,0.7427,9.6847,321.6,misto
0.95,7,3,12,0.7043,9.3385,315.7,misto
0.95,8,3,12,0.6266,8.6397,268.9,misto
0.95,1,3,4,0.9828,3.9828,225.5,HJ
0.95,2,3,4,0.9453,3.9453,273.3,misto
0.95,3,3,4,0.7278,3.7278,320.6,misto
0.95,4,3,4,0.9662,3.9662,245.9,misto
0.95,5,3,4,0.8606,3.8606,296.3,misto
0.95,6,3,4,0.9720,3.9720,327.7,misto
0.95,7,3,4,0.8700,3.8700,313.8,misto
0.95,8,3,4,0.9784,3.9784,271.1,misto
0.95,1,4,5,0.8326,4.8326,224.6,misto
0.95,2,4,5,0.7915,4.7915,268.5,misto
0.95,3,4,5,0.4992,4.4992,322.8,misto
0.95,4,4,5,0.7347,4.7347,247.5,misto
0.95,5,4,5,0.5781,4.5781,294.7,misto
0.95,6,4,5,0.7755,4.7755,324.5,misto
0.95,7,4,5,0.6590,4.6590,310.0,misto
0.95,8,4,5,0.8315,4.8315,270.1,misto
0.95,1,5,6,0.7770,5.7770,221.8,misto
0.95,2,5,6,0.5360,5.5360,262.1,misto
0.95,3,5,6,0.5119,5.5119,323.8,misto
0.95,4,5,6,0.6854,5.6854,244.1,misto
0.95,5,5,6,0.6638,5.6638,292.6,misto
0.95,6,5,6,0.5969,5.5969,326.6,misto
0.95,7,5,6,0.6044,5.6044,314.8,misto
0.95,8,5,6,0.6907,5.6907,267.4,misto
0.95,1,6,12,0.3294,7.9767,219.4,misto
0.95,2,6,12,0.3965,8.3787,257.9,misto
0.95,3,6,12,0.2568,7.5407,316.8,misto
0.95,4,6,12,0.3803,8.2817,238.9,misto
0.95,5,6,12,0.3726,8.2358,287.6,misto
0.95,6,6,12,0.4270,8.5622,324.1,misto
0.95,7,6,12,0.4867,8.9199,315.2,misto
0.95,8,6,12,0.4490,8.6941,265.5,misto
0.95,1,6,7,0.5815,6.5815,219.5,misto
0.95,2,6,7,0.5816,6.5816,266.5,misto
0.95,3,6,7,0.5229,6.5229,325.8,misto
0.95,4,6,7,0.5977,6.5977,242.9,misto
0.95,5,6,7,0.4370,6.4370,291.0,misto
0.95,6,6,7,0.5867,6.5867,324.6,misto
0.95,7,6,7,0.5792,6.5792,314.2,misto
0.95,8,6,7,0.5203,6.5203,266.3,misto
0.95,1,7,8,0.4445,7.4445,222.2,misto
0.95,2,7,8,0.5031,7.5031,263.5,misto
0.95,3,7,8,0.4878,7.4878,317.4,misto
0.95,4,7,8,0.5461,7.5461,245.3,misto
0.95,5,7,8,0.4467,7.4467,297.5,misto
0.95,6,7,8,0.5032,7.5032,323.2,misto
0.95,7,7,8,0.5935,7.5935,306.1,misto
0.95,8,7,8,0.5678,7.5678,266.6,misto
0.95,1,8,9,0.5574,8.5574,218.0,misto
0.95,2,8,9,0.4410,8.4410,260.8,misto
0.95,3,8,9,0.3583,8.3583,319.1,misto
0.95,4,8,9,0.2943,8.2943,240.4,misto
0.95,5,8,9,0.4071,8.4071,290.5,misto
0.95,6,8,9,0.4782,8.4782,320.0,misto
0.95,7,8,9,0.5008,8.5008,313.1,misto
0.95,8,8,9,0.5543,8.5543,262.9,misto
0.95,1,9,10,0.2869,9.2869,220.3,misto
0.95,2,9,10,0.3671,9.3671,265.3,misto
0.95,3,9,10,0.2974,9.2974,318.5,misto
0.95,4,9,10,0.2491,9.2491,240.9,misto
0.95,5,9,10,0.2971,9.2971,290.6,misto
0.95,6,9,10,0.3664,9.3664,320.4,misto
0.95,7,9,10,0.3798,9.3798,308.0,misto
0.95,8,9,10,0.5070,9.5070,262.6,misto
0.95,1,9,12,0.1388,9.4164,214.7,misto
0.95,2,9,12,0.1876,9.5628,262.8,misto
0.95,3,9,12,0.1115,9.3345,316.5,misto
0.95,4,9,12,0.1353,9.4060,240.6,misto
0.95,5,9,12,0.1878,9.5634,290.2,misto
0.95,6,9,12,0.2778,9.8335,321.3,misto
0.95,7,9,12,0.2285,9.6855,307.6,misto
0.95,8,9,12,0.3325,9.9976,261.1,misto
