desconto,seed,hi,hj,freq_hj,hor_m_fim,pop_fim,fixou
0.88,1,10,11,0.4575,10.4575,220.5,misto
0.88,2,10,11,0.4893,10.4893,261.0,misto
0.88,3,10,11,0.4918,10.4918,322.7,misto
0.88,4,10,11,0.5203,10.5203,241.3,misto
0.88,5,10,11,0.4708,10.4708,291.5,misto
0.88,6,10,11,0.5219,10.5219,323.7,misto
0.88,7,10,11,0.4603,10.4603,313.0,misto
0.88,8,10,11,0.5960,10.5960,266.7,misto
0.88,1,11,12,0.6572,11.6572,221.3,misto
0.88,2,11,12,0.5690,11.5690,265.8,misto
0.88,3,11,12,0.4823,11.4823,317.4,misto
0.88,4,11,12,0.4692,11.4692,241.9,misto
0.88,5,11,12,0.4699,11.4699,296.7,misto
0.88,6,11,12,0.4107,11.4107,322.6,misto
0.88,7,11,12,0.4997,11.4997,307.2,misto
0.88,8,11,12,0.5262,11.5262,266.7,misto
0.88,1,3,4,0.9820,3.9820,223.6,HJ
0.88,2,3,4,0.9960,3.9960,268.8,HJ
0.88,3,3,4,0.7959,3.7959,324.2,misto
0.88,4,3,4,0.9719,3.9719,245.1,misto
0.88,5,3,4,0.8878,3.8878,292.6,misto
0.88,6,3,4,0.9502,3.9502,327.5,misto
0.88,7,3,4,0.9320,3.9320,317.7,misto
0.88,8,3,4,0.9935,3.9935,273.5,HJ
0.88,1,4,5,0.8546,4.8546,222.2,misto
0.88,2,4,5,0.7128,4.7128,268.4,misto
0.88,3,4,5,0.6001,4.6001,322.7,misto
0.88,4,4,5,0.8756,4.8756,249.8,misto
0.88,5,4,5,0.6809,4.6809,298.7,misto
0.88,6,4,5,0.8118,4.8118,324.4,misto
0.88,7,4,5,0.7821,4.7821,316.4,misto
0.88,8,4,5,0.9259,4.9259,273.1,misto
0.88,1,5,12,0.6152,9.3067,220.9,misto
0.88,2,5,12,0.6552,9.5865,268.8,misto
0.88,3,5,12,0.4988,8.4917,325.1,misto
0.88,4,5,12,0.6638,9.6467,242.4,misto
0.88,5,5,12,0.5565,8.8956,296.9,misto
0.88,6,5,12,0.6077,9.2537,325.1,misto
0.88,7,5,12,0.7075,9.9525,313.8,misto
0.88,8,5,12,0.6508,9.5556,263.8,misto
0.88,1,5,6,0.8334,5.8334,221.6,misto
0.88,2,5,6,0.6261,5.6261,269.6,misto
0.88,3,5,6,0.4228,5.4228,319.6,misto
0.88,4,5,6,0.6672,5.6672,250.2,misto
0.88,5,5,6,0.6082,5.6082,302.1,misto
0.88,6,5,6,0.7006,5.7006,325.9,misto
0.88,7,5,6,0.7191,5.7191,314.8,misto
0.88,8,5,6,0.6514,5.6514,269.0,misto
0.88,1,6,7,0.5334,6.5334,219.6,misto
0.88,2,6,7,0.5839,6.5839,270.6,misto
0.88,3,6,7,0.5241,6.5241,323.3,misto
0.88,4,6,7,0.5537,6.5537,244.8,misto
0.88,5,6,7,0.5393,6.5393,294.1,misto
0.88,6,6,7,0.6095,6.6095,325.0,misto
0.88,7,6,7,0.5617,6.5617,310.4,misto
0.88,8,6,7,0.6942,6.6942,271.1,misto
0.88,1,7,12,0.5456,9.7281,217.4,misto
0.88,2,7,12,0.5631,9.8153,263.1,misto
0.88,3,7,12,0.4171,9.0857,318.4,misto
0.88,4,7,12,0.5799,9.8996,239.6,misto
0.88,5,7,12,0.5057,9.5287,300.7,misto
0.88,6,7,12,0.6002,10.0008,319.9,misto
0.88,7,7,12,0.5700,9.8501,312.1,misto
0.88,8,7,12,0.6348,10.1742,266.0,misto
0.88,1,7,8,0.5351,7.5351,222.1,misto
0.88,2,7,8,0.5390,7.5390,271.7,misto
0.88,3,7,8,0.5359,7.5359,322.0,misto
0.88,4,7,8,0.5725,7.5725,242.3,misto
0.88,5,7,8,0.4874,7.4874,294.6,misto
0.88,6,7,8,0.5465,7.5465,324.3,misto
0.88,7,7,8,0.5359,7.5359,314.4,misto
0.88,8,7,8,0.4785,7.4785,271.0,misto
0.88,1,8,9,0.6038,8.6038,223.0,misto
0.88,2,8,9,0.5180,8.5180,263.2,misto
0.88,3,8,9,0.4822,8.4822,315.0,misto
0.88,4,8,9,0.5364,8.5364,244.2,misto
0.88,5,8,9,0.5368,8.5368,294.4,misto
0.88,6,8,9,0.6545,8.6545,325.4,misto
0.88,7,8,9,0.5609,8.5609,308.8,misto
0.88,8,8,9,0.6797,8.6797,265.3,misto
0.88,1,9,10,0.6746,9.6746,217.9,misto
0.88,2,9,10,0.4112,9.4112,263.6,misto
0.88,3,9,10,0.5272,9.5272,322.9,misto
0.88,4,9,10,0.6579,9.6579,239.0,misto
0.88,5,9,10,0.5189,9.5189,289.4,misto
0.88,6,9,10,0.4409,9.4409,324.8,misto
0.88,7,9,10,0.5573,9.5573,311.1,misto
0.88,8,9,10,0.4886,9.4886,266.6,misto
0.88,1,9,12,0.5231,10.5692,225.0,misto
0.88,2,9,12,0.5347,10.6042,262.5,misto
0.88,3,9,12,0.3856,10.1568,323.8,misto
0.88,4,9,12,0.4907,10.4720,239.9,misto
0.88,5,9,12,0.4411,10.3233,296.2,misto
0.88,6,9,12,0.6056,10.8169,316.0,misto
0.88,7,9,12,0.5479,10.6438,313.3,misto
0.88,8,9,12,0.6016,10.8048,262.8,misto
0.90,1,10,11,0.5203,10.5203,219.9,misto
0.90,2,10,11,0.5108,10.5108,269.2,misto
0.90,3,10,11,0.4659,10.4659,317.0,misto
0.90,4,10,11,0.5221,10.5221,239.6,misto
0.90,5,10,11,0.4626,10.4626,287.0,misto
0.90,6,10,11,0.3911,10.3911,321.0,misto
0.90,7,10,11,0.4961,10.4961,308.0,misto
0.90,8,10,11,0.4617,10.4617,265.0,misto
0.90,1,11,12,0.4180,11.4180,220.3,misto
0.90,2,11,12,0.5170,11.5170,267.4,misto
0.90,3,11,12,0.4196,11.4196,319.5,misto
0.90,4,11,12,0.3307,11.3307,239.8,misto
0.90,5,11,12,0.4563,11.4563,291.7,misto
0.90,6,11,12,0.4337,11.4337,321.8,misto
0.90,7,11,12,0.5616,11.5616,307.6,misto
0.90,8,11,12,0.5028,11.5028,264.1,misto
0.90,1,3,4,0.9767,3.9767,226.4,misto
0.90,2,3,4,0.9262,3.9262,271.2,misto
0.90,3,3,4,0.8016,3.8016,323.5,misto
0.90,4,3,4,0.9617,3.9617,247.6,misto
0.90,5,3,4,0.8870,3.8870,299.6,misto
0.90,6,3,4,0.9734,3.9734,327.7,misto
0.90,7,3,4,0.9333,3.9333,313.9,misto
0.90,8,3,4,1.0000,4.0000,272.9,HJ
0.90,1,4,5,0.9041,4.9041,224.2,misto
0.90,2,4,5,0.7842,4.7842,269.4,misto
0.90,3,4,5,0.5623,4.5623,323.5,misto
0.90,4,4,5,0.8105,4.8105,244.0,misto
0.90,5,4,5,0.6514,4.6514,295.5,misto
0.90,6,4,5,0.7489,4.7489,329.2,misto
0.90,7,4,5,0.7887,4.7887,316.4,misto
0.90,8,4,5,0.8926,4.8926,269.8,misto
0.90,1,5,12,0.5580,8.9057,226.6,misto
0.90,2,5,12,0.6048,9.2338,263.6,misto
0.90,3,5,12,0.4538,8.1768,313.1,misto
0.90,4,5,12,0.5717,9.0018,239.3,misto
0.90,5,5,12,0.5344,8.7407,304.1,misto
0.90,6,5,12,0.5420,8.7942,319.1,misto
0.90,7,5,12,0.6302,9.4113,313.4,misto
0.90,8,5,12,0.6276,9.3931,264.8,misto
0.90,1,5,6,0.6877,5.6877,221.7,misto
0.90,2,5,6,0.6887,5.6887,271.3,misto
0.90,3,5,6,0.5139,5.5139,321.1,misto
0.90,4,5,6,0.6594,5.6594,243.6,misto
0.90,5,5,6,0.5090,5.5090,292.6,misto
0.90,6,5,6,0.7064,5.7064,322.7,misto
0.90,7,5,6,0.5875,5.5875,314.6,misto
0.90,8,5,6,0.6603,5.6603,269.5,misto
0.90,1,6,7,0.5882,6.5882,221.2,misto
0.90,2,6,7,0.5270,6.5270,265.9,misto
0.90,3,6,7,0.4982,6.4982,321.7,misto
0.90,4,6,7,0.6484,6.6484,251.8,misto
0.90,5,6,7,0.4811,6.4811,296.0,misto
0.90,6,6,7,0.5662,6.5662,326.3,misto
0.90,7,6,7,0.5472,6.5472,313.3,misto
0.90,8,6,7,0.6771,6.6771,266.4,misto
0.90,1,7,12,0.4992,9.4958,221.1,misto
0.90,2,7,12,0.4922,9.4608,269.5,misto
0.90,3,7,12,0.3820,8.9098,313.6,misto
0.90,4,7,12,0.4879,9.4394,243.0,misto
0.90,5,7,12,0.4566,9.2829,294.6,misto
0.90,6,7,12,0.5152,9.5761,317.2,misto
0.90,7,7,12,0.6067,10.0336,316.2,misto
0.90,8,7,12,0.5169,9.5845,264.7,misto
0.90,1,7,8,0.5288,7.5288,217.1,misto
0.90,2,7,8,0.5715,7.5715,262.3,misto
0.90,3,7,8,0.5290,7.5290,321.5,misto
0.90,4,7,8,0.6684,7.6684,241.2,misto
0.90,5,7,8,0.6110,7.6110,298.0,misto
0.90,6,7,8,0.5718,7.5718,321.8,misto
0.90,7,7,8,0.5793,7.5793,313.4,misto
0.90,8,7,8,0.7219,7.7219,271.8,misto
0.90,1,8,9,0.4791,8.4791,218.8,misto
0.90,2,8,9,0.5466,8.5466,269.8,misto
0.90,3,8,9,0.4911,8.4911,318.2,misto
0.90,4,8,9,0.5224,8.5224,241.8,misto
0.90,5,8,9,0.5233,8.5233,301.4,misto
0.90,6,8,9,0.5516,8.5516,319.7,misto
0.90,7,8,9,0.5516,8.5516,317.3,misto
0.90,8,8,9,0.5587,8.5587,264.0,misto
0.90,1,9,10,0.5989,9.5989,223.4,misto
0.90,2,9,10,0.5321,9.5321,271.4,misto
0.90,3,9,10,0.4945,9.4945,320.7,misto
0.90,4,9,10,0.5077,9.5077,238.8,misto
0.90,5,9,10,0.4869,9.4869,289.0,misto
0.90,6,9,10,0.5303,9.5303,323.6,misto
0.90,7,9,10,0.5147,9.5147,312.4,misto
0.90,8,9,10,0.5668,9.5668,266.6,misto
0.90,1,9,12,0.5049,10.5147,223.0,misto
0.90,2,9,12,0.3617,10.0851,258.1,misto
0.90,3,9,12,0.3824,10.1471,315.8,misto
0.90,4,9,12,0.4797,10.4390,242.2,misto
0.90,5,9,12,0.4625,10.3875,290.5,misto
0.90,6,9,12,0.4616,10.3849,317.4,misto
0.90,7,9,12,0.5041,10.5122,310.3,misto
0.90,8,9,12,0.5897,10.7692,260.5,misto
0.92,1,10,11,0.4274,10.4274,217.5,misto
0.92,2,10,11,0.4438,10.4438,260.3,misto
0.92,3,10,11,0.4653,10.4653,317.2,misto
0.92,4,10,11,0.4169,10.4169,238.8,misto
0.92,5,10,11,0.4186,10.4186,288.0,misto
0.92,6,10,11,0.3775,10.3775,319.5,misto
0.92,7,10,11,0.4513,10.4513,306.0,misto
0.92,8,10,11,0.3961,10.3961,262.6,misto
0.92,1,11,12,0.3418,11.3418,217.4,misto
0.92,2,11,12,0.4238,11.4238,262.6,misto
0.92,3,11,12,0.3890,11.3890,317.7,misto
0.92,4,11,12,0.2841,11.2841,238.8,misto
0.92,5,11,12,0.3428,11.3428,293.1,misto
0.92,6,11,12,0.3846,11.3846,320.0,misto
0.92,7,11,12,0.3990,11.3990,307.9,misto
0.92,8,11,12,0.4661,11.4661,262.3,misto
0.92,1,3,4,0.9955,3.9955,223.9,HJ
0.92,2,3,4,0.9348,3.9348,269.5,misto
0.92,3,3,4,0.7119,3.7119,322.6,misto
0.92,4,3,4,0.9509,3.9509,244.4,misto
0.92,5,3,4,0.8743,3.8743,297.1,misto
0.92,6,3,4,0.9784,3.9784,327.8,misto
0.92,7,3,4,0.8879,3.8879,316.1,misto
0.92,8,3,4,0.9930,3.9930,271.6,HJ
0.92,1,4,5,0.8736,4.8736,223.9,misto
0.92,2,4,5,0.8039,4.8039,267.5,misto
0.92,3,4,5,0.6181,4.6181,325.8,misto
0.92,4,4,5,0.6247,4.6247,242.4,misto
0.92,5,4,5,0.7152,4.7152,294.5,misto
0.92,6,4,5,0.7379,4.7379,324.9,misto
0.92,7,4,5,0.7953,4.7953,313.7,misto
0.92,8,4,5,0.9026,4.9026,271.0,misto
0.92,1,5,12,0.4359,8.0510,221.6,misto
0.92,2,5,12,0.6127,9.2886,269.3,misto
0.92,3,5,12,0.4130,7.8912,326.0,misto
0.92,4,5,12,0.5149,8.6045,243.0,misto
0.92,5,5,12,0.4892,8.4247,301.4,misto
0.92,6,5,12,0.4745,8.3216,320.1,misto
0.92,7,5,12,0.6285,9.3992,310.5,misto
0.92,8,5,12,0.5589,8.9123,265.3,misto
0.92,1,5,6,0.7825,5.7825,222.3,misto
0.92,2,5,6,0.6661,5.6661,262.7,misto
0.92,3,5,6,0.5534,5.5534,320.2,misto
0.92,4,5,6,0.6909,5.6909,246.3,misto
0.92,5,5,6,0.5659,5.5659,295.6,misto
0.92,6,5,6,0.6385,5.6385,321.4,misto
0.92,7,5,6,0.5669,5.5669,316.0,misto
0.92,8,5,6,0.6501,5.6501,268.1,misto
0.92,1,6,7,0.6507,6.6507,224.2,misto
0.92,2,6,7,0.5745,6.5745,266.3,misto
0.92,3,6,7,0.5048,6.5048,319.0,misto
0.92,4,6,7,0.5300,6.5300,248.3,misto
0.92,5,6,7,0.5465,6.5465,294.5,misto
0.92,6,6,7,0.4152,6.4152,326.5,misto
0.92,7,6,7,0.5873,6.5873,309.7,misto
0.92,8,6,7,0.3878,6.3878,266.7,misto
0.92,1,7,12,0.3947,8.9737,218.8,misto
0.92,2,7,12,0.4598,9.2991,266.3,misto
0.92,3,7,12,0.3219,8.6096,316.7,misto
0.92,4,7,12,0.4800,9.3998,244.0,misto
0.92,5,7,12,0.3743,8.8714,297.2,misto
0.92,6,7,12,0.5003,9.5017,323.6,misto
0.92,7,7,12,0.5552,9.7758,310.2,misto
0.92,8,7,12,0.4572,9.2860,268.9,misto
0.92,1,7,8,0.6186,7.6186,221.2,misto
0.92,2,7,8,0.5002,7.5002,265.7,misto
0.92,3,7,8,0.5656,7.5656,321.3,misto
0.92,4,7,8,0.6440,7.6440,240.4,misto
0.92,5,7,8,0.5384,7.5384,300.2,misto
0.92,6,7,8,0.5306,7.5306,322.9,misto
0.92,7,7,8,0.6050,7.6050,315.0,misto
0.92,8,7,8,0.6500,7.6500,259.5,misto
0.92,1,8,9,0.6384,8.6384,221.8,misto
0.92,2,8,9,0.4785,8.4785,265.7,misto
0.92,3,8,9,0.5053,8.5053,318.6,misto
0.92,4,8,9,0.4792,8.4792,239.3,misto
0.92,5,8,9,0.4003,8.4003,288.9,misto
0.92,6,8,9,0.4888,8.4888,324.9,misto
0.92,7,8,9,0.5251,8.5251,311.1,misto
0.92,8,8,9,0.4946,8.4946,263.8,misto
0.92,1,9,10,0.5351,9.5351,219.8,misto
0.92,2,9,10,0.4319,9.4319,268.1,misto
0.92,3,9,10,0.4434,9.4434,320.1,misto
0.92,4,9,10,0.5109,9.5109,240.3,misto
0.92,5,9,10,0.5174,9.5174,290.1,misto
0.92,6,9,10,0.3864,9.3864,319.8,misto
0.92,7,9,10,0.5060,9.5060,308.9,misto
0.92,8,9,10,0.4355,9.4355,265.0,misto
0.92,1,9,12,0.3321,9.9962,219.9,misto
0.92,2,9,12,0.4085,10.2256,264.3,misto
0.92,3,9,12,0.3269,9.9808,317.8,misto
0.92,4,9,12,0.3101,9.9304,240.3,misto
0.92,5,9,12,0.3286,9.9859,287.4,misto
0.92,6,9,12,0.3229,9.9686,318.5,misto
0.92,7,9,12,0.3890,10.1670,307.0,misto
0.92,8,9,12,0.3723,10.1170,264.4,misto
0.94,1,10,11,0.2349,10.2349,215.0,misto
0.94,2,10,11,0.3881,10.3881,261.9,misto
0.94,3,10,11,0.2456,10.2456,320.5,misto
0.94,4,10,11,0.2743,10.2743,238.4,misto
0.94,5,10,11,0.3227,10.3227,288.0,misto
0.94,6,10,11,0.4770,10.4770,321.1,misto
0.94,7,10,11,0.3214,10.3214,309.9,misto
0.94,8,10,11,0.3371,10.3371,262.0,misto
0.94,1,11,12,0.1647,11.1647,213.8,misto
0.94,2,11,12,0.3293,11.3293,259.7,misto
0.94,3,11,12,0.2342,11.2342,318.0,misto
0.94,4,11,12,0.1810,11.1810,238.6,misto
0.94,5,11,12,0.2506,11.2506,288.3,misto
0.94,6,11,12,0.3146,11.3146,318.6,misto
0.94,7,11,12,0.2752,11.2752,305.5,misto
0.94,8,11,12,0.3663,11.3663,261.4,misto
0.94,1,3,4,0.9602,3.9602,226.0,misto
0.94,2,3,4,0.9777,3.9777,270.9,misto
0.94,3,3,4,0.7545,3.7545,323.2,misto
0.94,4,3,4,0.9673,3.9673,249.9,misto
0.94,5,3,4,0.8414,3.8414,294.9,misto
0.94,6,3,4,0.9085,3.9085,325.9,misto
0.94,7,3,4,0.8808,3.8808,316.4,misto
0.94,8,3,4,0.9747,3.9747,270.0,misto
0.94,1,4,5,0.8582,4.8582,222.2,misto
0.94,2,4,5,0.7605,4.7605,273.1,misto
0.94,3,4,5,0.5715,4.5715,322.6,misto
0.94,4,4,5,0.7982,4.7982,242.7,misto
0.94,5,4,5,0.6713,4.6713,295.8,misto
0.94,6,4,5,0.6369,4.6369,326.4,misto
0.94,7,4,5,0.7298,4.7298,313.2,misto
0.94,8,4,5,0.8915,4.8915,269.1,misto
0.94,1,5,12,0.4206,7.9442,223.8,misto
0.94,2,5,12,0.5051,8.5355,265.9,misto
0.94,3,5,12,0.4185,7.9298,318.2,misto
0.94,4,5,12,0.4913,8.4391,242.5,misto
0.94,5,5,12,0.4011,7.8079,290.6,misto
0.94,6,5,12,0.5490,8.8433,327.3,misto
0.94,7,5,12,0.6034,9.2240,316.1,misto
0.94,8,5,12,0.5543,8.8799,265.2,misto
0.94,1,5,6,0.7630,5.7630,223.4,misto
0.94,2,5,6,0.5285,5.5285,271.8,misto
0.94,3,5,6,0.4572,5.4572,317.0,misto
0.94,4,5,6,0.7167,5.7167,247.3,misto
0.94,5,5,6,0.5257,5.5257,297.9,misto
0.94,6,5,6,0.6965,5.6965,322.0,misto
0.94,7,5,6,0.6811,5.6811,315.9,misto
0.94,8,5,6,0.6329,5.6329,266.2,misto
0.94,1,6,7,0.6623,6.6623,221.3,misto
0.94,2,6,7,0.5453,6.5453,264.4,misto
0.94,3,6,7,0.4675,6.4675,323.4,misto
0.94,4,6,7,0.5532,6.5532,243.1,misto
0.94,5,6,7,0.5154,6.5154,290.9,misto
0.94,6,6,7,0.5457,6.5457,323.7,misto
0.94,7,6,7,0.6717,6.6717,306.7,misto
0.94,8,6,7,0.6143,6.6143,269.1,misto
0.94,1,7,12,0.3177,8.5885,221.5,misto
0.94,2,7,12,0.3581,8.7905,264.2,misto
0.94,3,7,12,0.3056,8.5279,318.6,misto
0.94,4,7,12,0.3602,8.8010,242.8,misto
0.94,5,7,12,0.3218,8.6090,296.7,misto
0.94,6,7,12,0.4524,9.2618,324.0,misto
0.94,7,7,12,0.4180,9.0901,310.6,misto
0.94,8,7,12,0.4679,9.3395,265.8,misto
0.94,1,7,8,0.6003,7.6003,219.7,misto
0.94,2,7,8,0.5605,7.5605,259.7,misto
0.94,3,7,8,0.5022,7.5022,313.8,misto
0.94,4,7,8,0.5837,7.5837,241.8,misto
0.94,5,7,8,0.5098,7.5098,291.2,misto
0.94,6,7,8,0.5725,7.5725,320.4,misto
0.94,7,7,8,0.5490,7.5490,309.7,misto
0.94,8,7,8,0.6345,7.6345,264.9,misto
0.94,1,8,9,0.4580,8.4580,220.1,misto
0.94,2,8,9,0.4483,8.4483,258.0,misto
0.94,3,8,9,0.4148,8.4148,325.1,misto
0.94,4,8,9,0.3526,8.3526,242.2,misto
0.94,5,8,9,0.4903,8.4903,293.9,misto
0.94,6,8,9,0.4124,8.4124,322.6,misto
0.94,7,8,9,0.3943,8.3943,310.8,misto
0.94,8,8,9,0.4669,8.4669,266.1,misto
0.94,1,9,10,0.2920,9.2920,215.8,misto
0.94,2,9,10,0.4343,9.4343,265.0,misto
0.94,3,9,10,0.3837,9.3837,321.4,misto
0.94,4,9,10,0.3018,9.3018,239.4,misto
0.94,5,9,10,0.3832,9.3832,288.7,misto
0.94,6,9,10,0.5178,9.5178,320.8,misto
0.94,7,9,10,0.4155,9.4155,309.8,misto
0.94,8,9,10,0.3869,9.3869,263.9,misto
0.94,1,9,12,0.1868,9.5605,216.1,misto
0.94,2,9,12,0.2981,9.8944,260.8,misto
0.94,3,9,12,0.1730,9.5189,318.8,misto
0.94,4,9,12,0.1535,9.4605,239.9,misto
0.94,5,9,12,0.2804,9.8411,294.4,misto
0.94,6,9,12,0.2924,9.8772,319.3,misto
0.94,7,9,12,0.2472,9.7417,310.6,misto
0.94,8,9,12,0.2727,9.8180,262.1,misto
0.95,1,10,11,0.2605,10.2605,215.0,misto
0.95,2,10,11,0.2023,10.2023,262.9,misto
0.95,3,10,11,0.1800,10.1800,314.8,misto
0.95,4,10,11,0.1530,10.1530,237.9,misto
0.95,5,10,11,0.2880,10.2880,289.3,misto
0.95,6,10,11,0.2747,10.2747,318.2,misto
0.95,7,10,11,0.2470,10.2470,309.2,misto
0.95,8,10,11,0.3181,10.3181,262.0,misto
0.95,1,11,12,0.1522,11.1522,213.9,misto
0.95,2,11,12,0.2692,11.2692,258.9,misto
0.95,3,11,12,0.1824,11.1824,316.8,misto
0.95,4,11,12,0.0766,11.0766,236.8,misto
0.95,5,11,12,0.2186,11.2186,288.7,misto
0.95,6,11,12,0.2409,11.2409,316.9,misto
0.95,7,11,12,0.2299,11.2299,304.4,misto
0.95,8,11,12,0.2442,11.2442,260.7,misto
0.95,1,3,4,0.9828,3.9828,225.5,HJ
0.95,2,3,4,0.9453,3.9453,273.3,misto
0.95,3,3,4,0.7278,3.7278,320.6,misto
0.95,4,3,4,0.9662,3.9662,245.9,misto
0.95,5,3,4,0.8606,3.8606,296.3,misto
0.95,6,3,4,0.9720,3.9720,327.7,misto
0.95,7,3,4,0.8700,3.8700,313.8,misto
0.95,8,3,4,0.9784,3.9784,271.1,misto
0.95,1,4,5,0.8326,4.8326,224.6,misto
0.95,2,4,5,0.7915,4.7915,268.5,misto
0.95,3,4,5,0.4992,4.4992,322.8,misto
0.95,4,4,5,0.7347,4.7347,247.5,misto
0.95,5,4,5,0.5781,4.5781,294.7,misto
0.95,6,4,5,0.7755,4.7755,324.5,misto
0.95,7,4,5,0.6590,4.6590,310.0,misto
0.95,8,4,5,0.8315,4.8315,270.1,misto
0.95,1,5,12,0.4027,7.8188,219.5,misto
0.95,2,5,12,0.4944,8.4607,270.0,misto
0.95,3,5,12,0.3710,7.5971,317.0,misto
0.95,4,5,12,0.4335,8.0347,245.5,misto
0.95,5,5,12,0.4008,7.8057,290.7,misto
0.95,6,5,12,0.4827,8.3791,323.1,misto
0.95,7,5,12,0.5579,8.9050,308.1,misto
0.95,8,5,12,0.4716,8.3010,264.9,misto
0.95,1,5,6,0.7770,5.7770,221.8,misto
0.95,2,5,6,0.5360,5.5360,262.1,misto
0.95,3,5,6,0.5119,5.5119,323.8,misto
0.95,4,5,6,0.6854,5.6854,244.1,misto
0.95,5,5,6,0.6638,5.6638,292.6,misto
0.95,6,5,6,0.5969,5.5969,326.6,misto
0.95,7,5,6,0.6044,5.6044,314.8,misto
0.95,8,5,6,0.6907,5.6907,267.4,misto
0.95,1,6,7,0.5815,6.5815,219.5,misto
0.95,2,6,7,0.5816,6.5816,266.5,misto
0.95,3,6,7,0.5229,6.5229,325.8,misto
0.95,4,6,7,0.5977,6.5977,242.9,misto
0.95,5,6,7,0.4370,6.4370,291.0,misto
0.95,6,6,7,0.5867,6.5867,324.6,misto
0.95,7,6,7,0.5792,6.5792,314.2,misto
0.95,8,6,7,0.5203,6.5203,266.3,misto
0.95,1,7,12,0.2803,8.4015,219.8,misto
0.95,2,7,12,0.3140,8.5698,261.8,misto
0.95,3,7,12,0.2362,8.1809,314.3,misto
0.95,4,7,12,0.2842,8.4211,244.1,misto
0.95,5,7,12,0.3216,8.6078,294.0,misto
0.95,6,7,12,0.3879,8.9393,318.9,misto
0.95,7,7,12,0.4000,9.0002,307.3,misto
0.95,8,7,12,0.3837,8.9186,261.6,misto
0.95,1,7,8,0.4445,7.4445,222.2,misto
0.95,2,7,8,0.5031,7.5031,263.5,misto
0.95,3,7,8,0.4878,7.4878,317.4,misto
0.95,4,7,8,0.5461,7.5461,245.3,misto
0.95,5,7,8,0.4467,7.4467,297.5,misto
0.95,6,7,8,0.5032,7.5032,323.2,misto
0.95,7,7,8,0.5935,7.5935,306.1,misto
0.95,8,7,8,0.5678,7.5678,266.6,misto
0.95,1,8,9,0.5574,8.5574,218.0,misto
0.95,2,8,9,0.4410,8.4410,260.8,misto
0.95,3,8,9,0.3583,8.3583,319.1,misto
0.95,4,8,9,0.2943,8.2943,240.4,misto
0.95,5,8,9,0.4071,8.4071,290.5,misto
0.95,6,8,9,0.4782,8.4782,320.0,misto
0.95,7,8,9,0.5008,8.5008,313.1,misto
0.95,8,8,9,0.5543,8.5543,262.9,misto
0.95,1,9,10,0.2869,9.2869,220.3,misto
0.95,2,9,10,0.3671,9.3671,265.3,misto
0.95,3,9,10,0.2974,9.2974,318.5,misto
0.95,4,9,10,0.2491,9.2491,240.9,misto
0.95,5,9,10,0.2971,9.2971,290.6,misto
0.95,6,9,10,0.3664,9.3664,320.4,misto
0.95,7,9,10,0.3798,9.3798,308.0,misto
0.95,8,9,10,0.5070,9.5070,262.6,misto
0.95,1,9,12,0.1388,9.4164,214.7,misto
0.95,2,9,12,0.1876,9.5628,262.8,misto
0.95,3,9,12,0.1115,9.3345,316.5,misto
0.95,4,9,12,0.1353,9.4060,240.6,misto
0.95,5,9,12,0.1878,9.5634,290.2,misto
0.95,6,9,12,0.2778,9.8335,321.3,misto
0.95,7,9,12,0.2285,9.6855,307.6,misto
0.95,8,9,12,0.3325,9.9976,261.1,misto
0.96,1,10,11,0.1097,10.1097,216.0,misto
0.96,2,10,11,0.2794,10.2794,260.8,misto
0.96,3,10,11,0.1323,10.1323,318.3,misto
0.96,4,10,11,0.1186,10.1186,238.5,misto
0.96,5,10,11,0.1904,10.1904,291.1,misto
0.96,6,10,11,0.1604,10.1604,316.3,misto
0.96,7,10,11,0.2058,10.2058,306.8,misto
0.96,8,10,11,0.2268,10.2268,261.9,misto
0.96,1,11,12,0.1149,11.1149,212.7,misto
0.96,2,11,12,0.2017,11.2017,258.2,misto
0.96,3,11,12,0.0733,11.0733,314.1,misto
0.96,4,11,12,0.1060,11.1060,236.2,misto
0.96,5,11,12,0.1654,11.1654,287.7,misto
0.96,6,11,12,0.1755,11.1755,316.2,misto
0.96,7,11,12,0.1532,11.1532,303.3,misto
0.96,8,11,12,0.2137,11.2137,258.5,misto
0.96,1,3,4,0.9646,3.9646,221.4,misto
0.96,2,3,4,0.9491,3.9491,268.9,misto
0.96,3,3,4,0.7919,3.7919,322.2,misto
0.96,4,3,4,0.9578,3.9578,247.3,misto
0.96,5,3,4,0.8385,3.8385,295.2,misto
0.96,6,3,4,0.9442,3.9442,327.4,misto
0.96,7,3,4,0.9261,3.9261,316.0,misto
0.96,8,3,4,0.9563,3.9563,271.2,misto
0.96,1,4,5,0.8136,4.8136,223.3,misto
0.96,2,4,5,0.7460,4.7460,268.6,misto
0.96,3,4,5,0.4879,4.4879,320.9,misto
0.96,4,4,5,0.7421,4.7421,247.1,misto
0.96,5,4,5,0.6108,4.6108,295.6,misto
0.96,6,4,5,0.7646,4.7646,328.5,misto
0.96,7,4,5,0.7495,4.7495,314.7,misto
0.96,8,4,5,0.7512,4.7512,268.3,misto
0.96,1,5,12,0.3539,7.4770,221.9,misto
0.96,2,5,12,0.4790,8.3531,268.5,misto
0.96,3,5,12,0.3664,7.5647,328.1,misto
0.96,4,5,12,0.4373,8.0610,242.2,misto
0.96,5,5,12,0.4096,7.8671,290.1,misto
0.96,6,5,12,0.4444,8.1111,324.9,misto
0.96,7,5,12,0.5041,8.5289,314.8,misto
0.96,8,5,12,0.5333,8.7332,266.6,misto
0.96,1,5,6,0.6612,5.6612,218.2,misto
0.96,2,5,6,0.5604,5.5604,265.6,misto
0.96,3,5,6,0.5251,5.5251,314.1,misto
0.96,4,5,6,0.6399,5.6399,246.4,misto
0.96,5,5,6,0.5518,5.5518,297.9,misto
0.96,6,5,6,0.5429,5.5429,324.2,misto
0.96,7,5,6,0.5917,5.5917,310.4,misto
0.96,8,5,6,0.6914,5.6914,267.9,misto
0.96,1,6,7,0.5701,6.5701,221.5,misto
0.96,2,6,7,0.4810,6.4810,266.6,misto
0.96,3,6,7,0.4771,6.4771,320.4,misto
0.96,4,6,7,0.6484,6.6484,242.3,misto
0.96,5,6,7,0.5190,6.5190,289.3,misto
0.96,6,6,7,0.4250,6.4250,321.5,misto
0.96,7,6,7,0.6466,6.6466,307.8,misto
0.96,8,6,7,0.6610,6.6610,267.4,misto
0.96,1,7,12,0.2259,8.1297,220.2,misto
0.96,2,7,12,0.3138,8.5692,266.8,misto
0.96,3,7,12,0.2293,8.1463,316.6,misto
0.96,4,7,12,0.2569,8.2846,241.2,misto
0.96,5,7,12,0.2649,8.3243,288.0,misto
0.96,6,7,12,0.3965,8.9825,318.1,misto
0.96,7,7,12,0.3281,8.6405,311.2,misto
0.96,8,7,12,0.3588,8.7938,264.5,misto
0.96,1,7,8,0.4405,7.4405,218.3,misto
0.96,2,7,8,0.4621,7.4621,271.0,misto
0.96,3,7,8,0.4564,7.4564,316.6,misto
0.96,4,7,8,0.3909,7.3909,241.9,misto
0.96,5,7,8,0.4080,7.4080,291.5,misto
0.96,6,7,8,0.4411,7.4411,320.2,misto
0.96,7,7,8,0.4958,7.4958,308.0,misto
0.96,8,7,8,0.5602,7.5602,268.4,misto
0.96,1,8,9,0.3721,8.3721,217.3,misto
0.96,2,8,9,0.4166,8.4166,262.4,misto
0.96,3,8,9,0.3103,8.3103,320.6,misto
0.96,4,8,9,0.4139,8.4139,238.0,misto
0.96,5,8,9,0.3870,8.3870,296.3,misto
0.96,6,8,9,0.4140,8.4140,322.6,misto
0.96,7,8,9,0.4892,8.4892,308.4,misto
0.96,8,8,9,0.4504,8.4504,264.0,misto
0.96,1,9,10,0.2453,9.2453,217.8,misto
0.96,2,9,10,0.2931,9.2931,263.7,misto
0.96,3,9,10,0.2425,9.2425,316.3,misto
0.96,4,9,10,0.1942,9.1942,238.9,misto
0.96,5,9,10,0.3357,9.3357,287.4,misto
0.96,6,9,10,0.3462,9.3462,318.8,misto
0.96,7,9,10,0.3283,9.3283,305.9,misto
0.96,8,9,10,0.3323,9.3323,261.1,misto
0.96,1,9,12,0.0904,9.2711,217.3,misto
0.96,2,9,12,0.2076,9.6227,263.7,misto
0.96,3,9,12,0.0676,9.2028,319.4,misto
0.96,4,9,12,0.1348,9.4045,237.2,misto
0.96,5,9,12,0.1679,9.5038,289.3,misto
0.96,6,9,12,0.1704,9.5112,317.2,misto
0.96,7,9,12,0.1753,9.5260,307.0,misto
0.96,8,9,12,0.2377,9.7130,261.2,misto
