cond,seed,ticks,pop_fim,mod_med,mod_max,ag_med,ag_max,mo_med,mo_max,phi_med,phi_max,rel_med,rel_max,ac_med,ac_max,ac_ini,ac_fim,ag_ini,ag_fim,hor_ini,hor_fim,hon_fim,blef_fim,ag_pares,ag_dif,ag_dif_f32so,ag_dif_dblso
ctl,1,2999,218,0.607743,1.000000,0.409120,0.573000,0.215818,0.429000,0.065847,0.088000,0.630317,0.782000,0.147359,0.317000,0.098028,0.187523,0.458249,0.338723,7.636875,9.078263,0.800817,0.092390,669305,0,0,0
ctl,2,2999,271,0.622912,0.978000,0.425658,0.576000,0.277361,0.433000,0.068726,0.090000,0.608179,0.763000,0.160648,0.417000,0.103174,0.185920,0.466537,0.395553,7.890754,10.426453,0.757593,0.119263,801617,0,0,0
ctl,3,2999,326,0.647259,1.000000,0.438540,0.563000,0.250117,0.383000,0.066692,0.086000,0.648013,0.782000,0.118902,0.383000,0.090431,0.138303,0.473028,0.418983,6.670320,7.267957,0.803740,0.142487,969616,0,0,0
ctl,4,2999,242,0.611721,1.000000,0.422775,0.562000,0.204852,0.333000,0.067068,0.086000,0.631149,0.785000,0.131260,0.283000,0.097573,0.159203,0.450132,0.397450,7.513278,8.264863,0.678023,0.227053,737749,0,0,0
ctl,5,2999,304,0.622989,0.960000,0.437433,0.565000,0.268149,0.419000,0.070047,0.092000,0.638391,0.759000,0.139188,0.450000,0.097854,0.157583,0.479142,0.402230,6.816160,8.954627,0.692690,0.251570,890090,0,0,0
ctl,6,2999,319,0.642190,0.971000,0.348453,0.549000,0.358250,0.571000,0.055238,0.081000,0.608621,0.750000,0.144694,0.567000,0.082790,0.184243,0.457018,0.242670,6.736456,10.297690,0.833460,0.131117,976093,0,0,0
ctl,7,2999,309,0.640091,1.000000,0.413925,0.558000,0.293305,0.470000,0.060627,0.077000,0.622641,0.755000,0.128226,0.483000,0.089004,0.168910,0.465299,0.360267,7.541762,8.145833,0.791817,0.129403,945028,0,0,0
ctl,8,2999,273,0.629186,1.000000,0.429098,0.589000,0.277246,0.419000,0.067837,0.088000,0.620622,0.772000,0.148383,0.383000,0.094189,0.171283,0.468947,0.413847,6.985509,9.828140,0.725473,0.207270,806526,1,1,0
ctl,9,2999,352,0.627007,1.000000,0.402923,0.565000,0.370230,0.506000,0.067060,0.089000,0.617004,0.744000,0.155743,0.550000,0.106206,0.173463,0.453114,0.361020,7.355107,8.685840,0.793600,0.146913,1048059,0,0,0
ctl,10,2999,284,0.635825,0.967000,0.429500,0.549000,0.213363,0.379000,0.064538,0.086000,0.620861,0.759000,0.129211,0.283000,0.085982,0.156980,0.467149,0.402630,6.951925,7.186063,0.698273,0.193997,845187,0,0,0
ctl,11,2999,309,0.637261,1.000000,0.446287,0.567000,0.220494,0.353000,0.065958,0.083000,0.633857,0.790000,0.128431,0.350000,0.093833,0.134173,0.482043,0.431847,7.406883,8.292773,0.694207,0.190303,919171,0,0,0
ctl,12,2999,297,0.637251,1.000000,0.403132,0.586000,0.281763,0.430000,0.065562,0.085000,0.634663,0.772000,0.142273,0.383000,0.095327,0.160043,0.457626,0.381217,6.524986,8.889633,0.798803,0.139650,900824,1,0,1
ctl,13,2999,267,0.627511,1.000000,0.414019,0.566000,0.255322,0.414000,0.067276,0.089000,0.635490,0.792000,0.136811,0.417000,0.095114,0.160773,0.462890,0.386180,7.349826,9.608707,0.760380,0.179477,813226,0,0,0
ctl,14,2999,216,0.617080,1.000000,0.413677,0.565000,0.151880,0.332000,0.062265,0.087000,0.633486,0.805000,0.119724,0.333000,0.090765,0.132977,0.447559,0.378620,7.045794,8.670533,0.731793,0.215330,639461,0,0,0
ctl,15,2999,326,0.639961,1.000000,0.389498,0.560000,0.326373,0.482000,0.063310,0.082000,0.627510,0.753000,0.150387,0.367000,0.095246,0.176373,0.462110,0.333903,7.263616,10.028503,0.820693,0.088733,985297,0,0,0
ctl,16,2999,242,0.633168,1.000000,0.444623,0.567000,0.154450,0.289000,0.062231,0.085000,0.654224,0.806000,0.108097,0.267000,0.080708,0.124853,0.472249,0.407847,6.345477,6.702703,0.733117,0.145643,723582,0,0,0
ctl,17,2999,305,0.635482,1.000000,0.421506,0.565000,0.265731,0.431000,0.064111,0.085000,0.622625,0.764000,0.134659,0.467000,0.093185,0.159877,0.469900,0.385230,7.412861,9.712733,0.729130,0.181150,931827,0,0,0
ctl,18,2999,278,0.639466,0.960000,0.435987,0.560000,0.198719,0.342000,0.067351,0.088000,0.643541,0.782000,0.121252,0.283000,0.093747,0.140937,0.470523,0.416553,6.861577,8.409507,0.745647,0.174543,837208,0,0,0
ctl,19,2999,279,0.631700,1.000000,0.444533,0.584000,0.256416,0.423000,0.063474,0.085000,0.644459,0.778000,0.126851,0.400000,0.088178,0.159920,0.471737,0.429083,6.167512,7.061803,0.749877,0.202547,850322,1,1,0
ctl,20,2999,315,0.643118,1.000000,0.398603,0.571000,0.332009,0.500000,0.063429,0.085000,0.626937,0.752000,0.159829,0.417000,0.097947,0.200867,0.473890,0.314313,6.968957,7.302947,0.817700,0.109233,940435,0,0,0
ctl,21,2999,320,0.637318,1.000000,0.376780,0.556000,0.384876,0.537000,0.061588,0.082000,0.614302,0.751000,0.154702,0.467000,0.087164,0.184460,0.454445,0.309873,6.921904,9.167040,0.786993,0.159807,968887,0,0,0
ctl,22,2999,286,0.627965,1.000000,0.459337,0.595000,0.227985,0.392000,0.063137,0.083000,0.631221,0.755000,0.122725,0.400000,0.088940,0.136677,0.473075,0.447527,7.226826,9.382837,0.741347,0.169580,864277,0,0,0
ctl,23,2999,303,0.622303,1.000000,0.419013,0.555000,0.302233,0.446000,0.068073,0.084000,0.640489,0.787000,0.147803,0.283000,0.099160,0.160477,0.468171,0.395807,7.420641,10.245890,0.784647,0.155930,906414,0,0,0
ctl,24,2999,316,0.635278,1.000000,0.433303,0.606000,0.301853,0.443000,0.066735,0.085000,0.636463,0.762000,0.136811,0.433000,0.084587,0.157087,0.473448,0.414373,6.785093,9.615080,0.752877,0.163480,961157,0,0,0
ctl,25,2999,321,0.626514,1.000000,0.410805,0.543000,0.325771,0.458000,0.064693,0.081000,0.629312,0.746000,0.143764,0.417000,0.097719,0.168720,0.443306,0.390763,7.415904,9.209690,0.789273,0.156660,960293,0,0,0
ctl,26,2999,246,0.617205,1.000000,0.426304,0.559000,0.245711,0.413000,0.066227,0.089000,0.634914,0.789000,0.133278,0.250000,0.097609,0.152853,0.455018,0.417037,7.146751,9.338557,0.771533,0.144987,737974,0,0,0
ctl,27,2999,269,0.622000,1.000000,0.411982,0.566000,0.250918,0.411000,0.063484,0.085000,0.635075,0.769000,0.131347,0.433000,0.088320,0.149827,0.453025,0.394637,6.985843,9.029360,0.762870,0.150553,816963,0,0,0
ctl,28,2999,306,0.628062,1.000000,0.434103,0.566000,0.258034,0.371000,0.070352,0.089000,0.633400,0.775000,0.142805,0.300000,0.089904,0.164190,0.474822,0.408093,7.117840,9.338310,0.756393,0.126990,930038,0,0,0
ctl,29,2999,368,0.641441,1.000000,0.418272,0.562000,0.321754,0.476000,0.063161,0.082000,0.616421,0.734000,0.135595,0.417000,0.083516,0.158233,0.465630,0.393037,7.082819,9.454460,0.761200,0.125863,1095850,0,0,0
ctl,30,2999,270,0.624123,1.000000,0.443612,0.577000,0.215231,0.341000,0.066346,0.090000,0.625961,0.769000,0.135896,0.350000,0.097046,0.148797,0.455890,0.441607,7.479505,9.526717,0.723540,0.189240,817035,0,0,0
ctl,31,2999,250,0.601742,1.000000,0.439942,0.578000,0.210818,0.358000,0.066050,0.088000,0.637367,0.794000,0.137665,0.417000,0.094836,0.146240,0.459416,0.439260,6.454146,9.038167,0.693657,0.246460,741495,0,0,0
ctl,32,2999,263,0.619262,1.000000,0.414117,0.577000,0.226229,0.383000,0.067673,0.088000,0.631144,0.761000,0.140370,0.283000,0.098932,0.154870,0.471221,0.385173,7.323157,9.689240,0.759850,0.165163,808334,1,1,0
ctl,33,2999,329,0.636665,1.000000,0.442261,0.599000,0.305360,0.448000,0.068358,0.086000,0.627407,0.749000,0.146931,0.367000,0.082680,0.172007,0.491626,0.413890,6.113028,9.606193,0.745223,0.172697,983986,0,0,0
ctl,34,2999,269,0.623204,1.000000,0.436350,0.563000,0.216419,0.345000,0.066625,0.088000,0.653774,0.773000,0.128643,0.250000,0.095448,0.150167,0.466228,0.416810,6.755605,7.219297,0.758697,0.165087,810069,0,0,0
ctl,35,2999,358,0.655820,1.000000,0.304413,0.571000,0.399755,0.577000,0.045789,0.074000,0.602506,0.721000,0.154360,0.433000,0.088900,0.190580,0.463769,0.185217,6.665356,5.600887,0.875073,0.074400,1100448,0,0,0
ctl,36,2999,204,0.612223,1.000000,0.381683,0.550000,0.197185,0.359000,0.064433,0.088000,0.646162,0.801000,0.125993,0.317000,0.094178,0.160077,0.427441,0.351183,6.632100,7.696917,0.798043,0.141627,629293,0,0,0
ctl,37,2999,355,0.641277,1.000000,0.404950,0.556000,0.349506,0.518000,0.061969,0.080000,0.620744,0.735000,0.143974,0.450000,0.093601,0.171000,0.465395,0.360890,7.369406,9.342633,0.811500,0.121350,1070686,0,0,0
ctl,38,2999,294,0.633114,1.000000,0.434633,0.560000,0.229831,0.384000,0.067147,0.086000,0.635638,0.746000,0.137167,0.317000,0.091402,0.166637,0.476673,0.401820,6.761851,8.437140,0.754263,0.141943,872684,0,0,0
ctl,39,2999,227,0.624288,1.000000,0.408888,0.556000,0.244300,0.404000,0.066279,0.085000,0.638156,0.781000,0.145167,0.367000,0.099007,0.182887,0.459381,0.354847,6.571345,8.213193,0.792237,0.137140,703202,0,0,0
ctl,40,2999,345,0.629194,1.000000,0.432022,0.549000,0.300760,0.442000,0.065120,0.084000,0.624578,0.743000,0.138446,0.350000,0.091847,0.150277,0.460032,0.414137,6.769886,9.461113,0.673353,0.220807,1015539,0,0,0
ctl,41,2999,313,0.641039,1.000000,0.417886,0.554000,0.271175,0.423000,0.065120,0.085000,0.634397,0.770000,0.133494,0.400000,0.090135,0.151487,0.462093,0.390490,6.983174,8.594027,0.771640,0.167647,946511,0,0,0
ctl,42,2999,283,0.628751,1.000000,0.404887,0.555000,0.302214,0.444000,0.068676,0.087000,0.615903,0.801000,0.153285,0.433000,0.096612,0.169537,0.457932,0.389537,6.808000,9.356997,0.649843,0.318910,855097,0,0,0
ctl,43,2999,278,0.627562,1.000000,0.435924,0.575000,0.238743,0.388000,0.066142,0.086000,0.635629,0.766000,0.131709,0.417000,0.097829,0.156800,0.481007,0.401007,7.229007,7.596237,0.777777,0.117537,854544,0,0,0
ctl,44,2999,247,0.615045,1.000000,0.365150,0.567000,0.276636,0.441000,0.059066,0.081000,0.635117,0.802000,0.156696,0.333000,0.097555,0.190593,0.462968,0.287073,7.644363,6.515740,0.808997,0.113450,736291,1,1,0
ctl,45,2999,291,0.637099,0.971000,0.417320,0.584000,0.259950,0.428000,0.065550,0.087000,0.621595,0.768000,0.144995,0.400000,0.086815,0.173893,0.466698,0.383207,7.436349,9.335220,0.720150,0.187720,857302,0,0,0
ctl,46,2999,309,0.625304,1.000000,0.427371,0.551000,0.294087,0.418000,0.067244,0.085000,0.635364,0.757000,0.139582,0.333000,0.093633,0.156133,0.464929,0.414367,6.775199,8.917110,0.799213,0.123833,944237,0,0,0
ctl,47,2999,244,0.617177,1.000000,0.422698,0.567000,0.224541,0.405000,0.065451,0.084000,0.648840,0.799000,0.126990,0.367000,0.088776,0.163263,0.461342,0.371597,6.639142,7.520263,0.793160,0.162047,732586,1,1,0
ctl,48,2999,232,0.626975,0.933000,0.425612,0.574000,0.260670,0.469000,0.061851,0.083000,0.632195,0.789000,0.126250,0.517000,0.077886,0.170023,0.458673,0.389747,6.888146,9.799593,0.738867,0.171030,719000,0,0,0
ctl,49,2999,307,0.630128,1.000000,0.425370,0.566000,0.289136,0.442000,0.066153,0.086000,0.639366,0.757000,0.138364,0.417000,0.089954,0.147943,0.454142,0.413027,7.388060,8.934323,0.815353,0.137913,911484,0,0,0
ctl,50,2999,282,0.626276,0.971000,0.432676,0.564000,0.256509,0.413000,0.067280,0.085000,0.634331,0.758000,0.139881,0.433000,0.098968,0.159930,0.459883,0.415333,7.122662,9.062097,0.725610,0.191230,847251,0,0,0
erem,1,2999,213,0.793066,1.000000,0.000000,0.000000,0.000000,0.000000,0.000000,0.000000,0.005275,0.708000,0.025656,0.400000,0.043103,0.017277,0.000000,0.000000,5.771591,2.217320,0.382203,0.340880,643166,0,0,0
erem,2,2999,264,0.780257,1.000000,0.000003,0.004000,0.000000,0.000000,0.000000,0.000000,0.004995,0.695000,0.025635,0.567000,0.039968,0.023410,0.000000,0.000000,5.118872,2.886393,0.418170,0.301670,777749,2,2,0
erem,3,2999,308,0.775432,1.000000,0.000000,0.000000,0.000000,0.000000,0.000000,0.000000,0.003850,0.278000,0.029794,0.450000,0.041192,0.023893,0.000000,0.000000,5.451160,3.167490,0.344240,0.320860,936983,0,0,0
erem,4,2999,235,0.790724,1.000000,0.000000,0.000000,0.000000,0.000000,0.000000,0.000000,0.003892,0.566000,0.027654,0.367000,0.045790,0.020057,0.000000,0.000000,5.900925,3.223647,0.262867,0.312660,707541,0,0,0
erem,5,2999,293,0.775478,1.000000,0.000000,0.000000,0.000000,0.000000,0.000000,0.000000,0.003880,0.248000,0.029369,0.500000,0.048762,0.021650,0.000000,0.000000,5.000036,2.561347,0.250700,0.378053,859144,0,0,0
erem,6,2999,318,0.777547,1.000000,0.000000,0.000000,0.000000,0.000000,0.000000,0.000000,0.004950,0.612000,0.028632,0.583000,0.038751,0.024407,0.000000,0.000000,5.371000,2.913960,0.279550,0.373637,948137,0,0,0
erem,7,2999,307,0.779154,1.000000,0.000000,0.000000,0.000000,0.000000,0.000000,0.000000,0.004325,0.189000,0.032573,0.533000,0.041673,0.027587,0.000000,0.000000,6.377466,3.755527,0.335247,0.300760,916152,0,0,0
erem,8,2999,263,0.787667,1.000000,0.000000,0.000000,0.000000,0.000000,0.000000,0.000000,0.005128,0.457000,0.030836,0.483000,0.044783,0.025417,0.000000,0.000000,4.883875,2.481470,0.370690,0.220400,779086,0,0,0
erem,9,2999,342,0.773299,1.000000,0.000001,0.003000,0.000000,0.000000,0.000000,0.000000,0.004691,0.422000,0.029042,0.633000,0.045103,0.023863,0.000000,0.000000,5.189214,3.095037,0.310300,0.463290,1019831,1,1,0
erem,10,2999,271,0.782210,1.000000,0.000000,0.000000,0.000000,0.000000,0.000000,0.000000,0.003980,0.471000,0.024965,0.350000,0.038833,0.020727,0.000000,0.000000,5.837345,3.068480,0.290327,0.363140,817601,0,0,0
erem,11,2999,303,0.781195,0.997000,0.000001,0.003000,0.000000,0.000000,0.000000,0.000000,0.004998,0.295000,0.027897,0.383000,0.042324,0.022153,0.000000,0.000000,5.896028,2.878217,0.296183,0.328860,889730,1,1,0
erem,12,2999,298,0.780472,1.000000,0.000001,0.004000,0.000000,0.000000,0.000000,0.000000,0.004259,0.388000,0.033869,0.417000,0.046299,0.030313,0.000014,0.000000,5.049274,3.152367,0.370390,0.333977,871452,1,1,0
erem,13,2999,265,0.785983,1.000000,0.000003,0.004000,0.000000,0.000000,0.000000,0.000000,0.004906,0.579000,0.032805,0.467000,0.046324,0.026660,0.000000,0.000000,5.673014,3.095250,0.359940,0.334923,782356,2,2,0
erem,14,2999,199,0.792542,1.000000,0.000002,0.005000,0.000000,0.000000,0.000000,0.000000,0.003683,0.655000,0.035622,0.433000,0.048786,0.027753,0.000018,0.000000,5.592961,3.644590,0.251847,0.335523,609795,1,1,0
erem,15,2999,321,0.778914,1.000000,0.000000,0.000000,0.000000,0.000000,0.000000,0.000000,0.005083,0.471000,0.027365,0.433000,0.037242,0.022183,0.000000,0.000000,5.241794,2.526207,0.329067,0.236547,954894,0,0,0
erem,16,2999,236,0.780733,1.000000,0.000004,0.004000,0.000000,0.000000,0.000000,0.000000,0.003969,0.318000,0.034334,0.367000,0.045167,0.030660,0.000014,0.000000,5.164238,3.112133,0.364133,0.326850,694070,3,3,0
erem,17,2999,308,0.778991,1.000000,0.000000,0.000000,0.000000,0.000000,0.000000,0.000000,0.005100,0.431000,0.033905,0.517000,0.048989,0.025733,0.000000,0.000000,5.803114,2.879353,0.455437,0.266280,900185,0,0,0
erem,18,2999,269,0.783081,1.000000,0.000001,0.004000,0.000000,0.000000,0.000000,0.000000,0.003846,0.188000,0.026270,0.450000,0.040918,0.019287,0.000000,0.000000,5.612470,2.937417,0.408827,0.305080,805622,1,1,0
erem,19,2999,276,0.780682,1.000000,0.000003,0.004000,0.000000,0.000000,0.000000,0.000000,0.003977,0.613000,0.032572,0.483000,0.046698,0.027837,0.000000,0.000000,5.752036,3.159670,0.391120,0.198897,816198,2,2,0
erem,20,2999,310,0.774875,1.000000,0.000001,0.003000,0.000000,0.000000,0.000000,0.000000,0.005277,0.507000,0.026593,0.500000,0.044641,0.021500,0.000000,0.000000,5.012189,2.189653,0.363257,0.309593,912950,1,1,0
erem,21,2999,319,0.773888,1.000000,0.000001,0.003000,0.000000,0.000000,0.000000,0.000000,0.005164,0.566000,0.028085,0.533000,0.037954,0.023780,0.000000,0.000000,4.570687,2.596273,0.277773,0.391343,940983,1,1,0
erem,22,2999,287,0.781981,1.000000,0.000003,0.004000,0.000000,0.000000,0.000000,0.000000,0.004806,0.533000,0.025332,0.467000,0.038117,0.021080,0.000000,0.000000,5.357943,2.945383,0.357193,0.248260,837066,2,2,0
erem,23,2999,292,0.780248,1.000000,0.000002,0.003000,0.000000,0.000000,0.000000,0.000000,0.004735,0.471000,0.027091,0.433000,0.043448,0.023717,0.000000,0.000000,5.637577,2.986967,0.257880,0.380427,880019,2,2,0
erem,24,2999,308,0.771910,1.000000,0.000003,0.003000,0.000000,0.000000,0.000000,0.000000,0.004133,0.268000,0.027804,0.550000,0.039712,0.021940,0.000000,0.000000,4.862566,3.156350,0.298443,0.419340,934313,3,3,0
erem,25,2999,307,0.780736,1.000000,0.000000,0.000000,0.000000,0.000000,0.000000,0.000000,0.004580,0.613000,0.028017,0.500000,0.046932,0.022863,0.000000,0.000000,5.826705,3.017347,0.411583,0.297803,934656,0,0,0
erem,26,2999,237,0.786787,1.000000,0.000001,0.004000,0.000000,0.000000,0.000000,0.000000,0.004001,0.355000,0.028620,0.367000,0.041872,0.024213,0.000000,0.000000,4.923801,2.796370,0.451870,0.324780,710569,1,1,0
erem,27,2999,255,0.784420,1.000000,0.000000,0.000000,0.000000,0.000000,0.000000,0.000000,0.005569,0.156000,0.029037,0.600000,0.044164,0.023637,0.000000,0.000000,5.324060,2.914327,0.298607,0.373707,792290,0,0,0
erem,28,2999,301,0.777423,1.000000,0.000001,0.003000,0.000000,0.000000,0.000000,0.000000,0.004182,0.786000,0.028537,0.433000,0.044160,0.021740,0.000000,0.000000,5.179829,2.539517,0.221250,0.234503,900516,1,1,0
erem,29,2999,352,0.773039,1.000000,0.000000,0.000000,0.000000,0.000000,0.000000,0.000000,0.004434,0.375000,0.026564,0.450000,0.037719,0.024103,0.000000,0.000000,5.403370,3.216200,0.286763,0.333793,1066419,0,0,0
erem,30,2999,270,0.787149,1.000000,0.000000,0.000000,0.000000,0.000000,0.000000,0.000000,0.004482,0.294000,0.028983,0.367000,0.046943,0.023853,0.000000,0.000000,5.272719,2.724450,0.437690,0.328887,789713,0,0,0
erem,31,2999,238,0.784191,1.000000,0.000000,0.000000,0.000000,0.000000,0.000000,0.000000,0.004373,0.803000,0.036288,0.417000,0.058338,0.028203,0.000000,0.000000,5.440434,2.468890,0.383493,0.364230,712350,0,0,0
erem,32,2999,271,0.782784,1.000000,0.000001,0.004000,0.000000,0.000000,0.000000,0.000000,0.003476,0.185000,0.026858,0.500000,0.042060,0.021707,0.000014,0.000000,5.868786,3.193927,0.407057,0.333557,778686,1,1,0
erem,33,2999,315,0.771612,0.992000,0.000004,0.003000,0.000000,0.000000,0.000000,0.000000,0.004762,0.397000,0.028036,0.633000,0.037886,0.024567,0.000000,0.000000,3.970448,2.413000,0.229247,0.399127,957765,4,4,0
erem,34,2999,266,0.784934,0.980000,0.000000,0.000000,0.000000,0.000000,0.000000,0.000000,0.004658,0.548000,0.030109,0.350000,0.045566,0.023410,0.000000,0.000000,5.545082,3.067883,0.388130,0.403677,780190,0,0,0
erem,35,2999,346,0.771283,1.000000,0.000000,0.000000,0.000000,0.000000,0.000000,0.000000,0.004702,0.519000,0.027041,0.517000,0.039708,0.023313,0.000000,0.000000,5.285662,3.417083,0.332893,0.245150,1067830,0,0,0
erem,36,2999,205,0.796609,1.000000,0.000000,0.000000,0.000000,0.000000,0.000000,0.000000,0.005768,0.613000,0.032757,0.300000,0.047420,0.024930,0.000000,0.000000,5.500847,2.621330,0.409573,0.233240,599187,0,0,0
erem,37,2999,343,0.773974,1.000000,0.000000,0.000000,0.000000,0.000000,0.000000,0.000000,0.004869,0.793000,0.026537,0.617000,0.040399,0.022443,0.000000,0.000000,5.492345,2.873687,0.488253,0.198157,1041995,0,0,0
erem,38,2999,288,0.778713,0.969000,0.000000,0.000000,0.000000,0.000000,0.000000,0.000000,0.004376,0.589000,0.037330,0.433000,0.051132,0.032883,0.000000,0.000000,5.238633,2.661060,0.245773,0.286937,843040,0,0,0
erem,39,2999,223,0.790952,1.000000,0.000000,0.000000,0.000000,0.000000,0.000000,0.000000,0.003909,0.274000,0.033359,0.367000,0.053719,0.026750,0.000000,0.000000,5.442847,3.105597,0.412550,0.103277,671598,0,0,0
erem,40,2999,337,0.776521,1.000000,0.000001,0.003000,0.000000,0.000000,0.000000,0.000000,0.004788,0.744000,0.029407,0.367000,0.043434,0.024067,0.000000,0.000000,5.071762,2.792080,0.415570,0.327780,988738,1,1,0
erem,41,2999,316,0.780293,0.990000,0.000003,0.003000,0.000000,0.000000,0.000000,0.000000,0.004637,0.708000,0.025680,0.467000,0.039263,0.021537,0.000000,0.000000,5.566438,3.054620,0.354933,0.286143,915611,3,3,0
erem,42,2999,276,0.786327,1.000000,0.000001,0.003000,0.000000,0.000000,0.000000,0.000000,0.005937,0.535000,0.029326,0.450000,0.044719,0.022533,0.000000,0.000000,4.703171,2.488240,0.266577,0.360717,831491,1,1,0
erem,43,2999,279,0.782403,1.000000,0.000001,0.004000,0.000000,0.000000,0.000000,0.000000,0.004211,0.648000,0.029623,0.600000,0.051342,0.023573,0.000000,0.000000,5.590961,2.950303,0.347920,0.254357,822950,1,1,0
erem,44,2999,242,0.789523,1.000000,0.000000,0.000000,0.000000,0.000000,0.000000,0.000000,0.004494,1.000000,0.028510,0.433000,0.042281,0.024740,0.000000,0.000000,6.338021,3.483053,0.399610,0.193313,707427,0,0,0
erem,45,2999,276,0.782725,1.000000,0.000001,0.004000,0.000000,0.000000,0.000000,0.000000,0.005310,0.481000,0.027295,0.500000,0.039758,0.022723,0.000000,0.000000,5.880117,3.254380,0.371467,0.358687,830240,1,1,0
erem,46,2999,303,0.776722,1.000000,0.000002,0.003000,0.000000,0.000000,0.000000,0.000000,0.004599,0.483000,0.026574,0.467000,0.043121,0.020870,0.000000,0.000000,5.259626,2.627377,0.406210,0.377783,917502,2,2,0
erem,47,2999,237,0.791925,1.000000,0.000001,0.004000,0.000000,0.000000,0.000000,0.000000,0.004412,0.486000,0.027224,0.450000,0.044776,0.020740,0.000000,0.000000,5.135947,2.783720,0.302810,0.387540,700869,1,1,0
erem,48,2999,240,0.785128,1.000000,0.000000,0.000000,0.000000,0.000000,0.000000,0.000000,0.004455,0.497000,0.029966,0.483000,0.047242,0.024693,0.000000,0.000000,5.187093,2.598610,0.346303,0.330223,694150,0,0,0
erem,49,2999,300,0.779164,1.000000,0.000002,0.003000,0.000000,0.000000,0.000000,0.000000,0.004636,0.538000,0.029074,0.400000,0.039228,0.025727,0.000011,0.000000,5.189214,2.513067,0.281093,0.351207,885338,2,2,0
erem,50,2999,272,0.782543,1.000000,0.000000,0.000000,0.000000,0.000000,0.000000,0.000000,0.004220,0.465000,0.028616,0.550000,0.042420,0.023860,0.000000,0.000000,5.457989,3.017223,0.317373,0.323040,818630,0,0,0
pv0,1,81,1,0.000000,0.000000,0.000000,0.267000,0.000000,0.000000,0.000000,0.000000,0.000000,0.000000,0.000000,0.000000,0.000000,-1,0.000000,-1,9.630532,-1,-1,-1,2258,0,0,0
pv0,2,72,1,0.000000,0.000000,0.000000,0.400000,0.000000,0.000000,0.000000,0.000000,0.000000,0.000000,0.000000,0.000000,0.000000,-1,0.000000,-1,7.637396,-1,-1,-1,2268,0,0,0
pv0,3,88,1,0.000000,0.000000,0.000000,0.500000,0.000000,0.000000,0.000000,0.000000,0.000000,0.000000,0.000000,0.000000,0.000000,-1,0.000000,-1,7.547971,-1,-1,-1,2053,0,0,0
pv0,4,76,1,0.000000,0.000000,0.000000,0.417000,0.000000,0.000000,0.000000,0.000000,0.000000,0.000000,0.000000,0.000000,0.000000,-1,0.000000,-1,9.040860,-1,-1,-1,2007,0,0,0
pv0,5,56,1,0.000000,0.000000,0.000000,0.400000,0.000000,0.000000,0.000000,0.000000,0.000000,0.000000,0.000000,0.000000,0.000000,-1,0.000000,-1,5.891649,-1,-1,-1,2049,0,0,0
pv0,6,88,1,0.000000,0.000000,0.000000,0.217000,0.000000,0.000000,0.000000,0.000000,0.000000,0.000000,0.000000,0.000000,0.000000,-1,0.000000,-1,8.630391,-1,-1,-1,2222,0,0,0
pv0,7,70,1,0.000000,0.000000,0.000360,0.283000,0.000000,0.000000,0.000000,0.000000,0.000000,0.000000,0.000000,0.000000,0.000000,-1,0.000353,-1,8.753157,-1,-1,-1,2288,0,0,0
pv0,8,75,1,0.000000,0.000000,0.000000,0.450000,0.000000,0.017000,0.000000,0.000000,0.000000,0.006000,0.000000,0.000000,0.000000,-1,0.000000,-1,8.104321,-1,-1,-1,2156,0,0,0
pv0,9,87,1,0.000000,0.000000,0.000000,0.367000,0.000000,0.000000,0.000000,0.000000,0.000000,0.000000,0.000000,0.000000,0.000000,-1,0.000000,-1,4.232382,-1,-1,-1,2157,0,0,0
pv0,10,61,1,0.000000,0.000000,0.000000,0.400000,0.000000,0.000000,0.000000,0.000000,0.000000,0.000000,0.000000,0.000000,0.000000,-1,0.000000,-1,7.352690,-1,-1,-1,2048,0,0,0
pv0,11,75,1,0.000000,0.000000,0.000000,0.250000,0.000000,0.000000,0.000000,0.000000,0.000000,0.000000,0.000000,0.000000,0.000000,-1,0.000000,-1,8.499964,-1,-1,-1,2014,0,0,0
pv0,12,60,1,0.000000,0.000000,0.000000,0.317000,0.000000,0.000000,0.000000,0.000000,0.000000,0.000000,0.000000,0.000000,0.000000,-1,0.000000,-1,5.454585,-1,-1,-1,1943,0,0,0
pv0,13,100,1,0.000000,0.000000,0.000000,0.350000,0.000000,0.000000,0.000000,0.000000,0.000000,0.000000,0.000000,0.000000,0.000000,-1,0.000000,-1,5.189037,-1,-1,-1,2088,0,0,0
pv0,14,51,1,0.000000,0.000000,0.000000,0.467000,0.000000,0.000000,0.000000,0.000000,0.000000,0.000000,0.000000,0.000000,0.000000,-1,0.000000,-1,6.238594,-1,-1,-1,1942,0,0,0
pv0,15,78,1,0.000000,0.000000,0.000000,0.417000,0.000000,0.000000,0.000000,0.000000,0.000000,0.000000,0.000000,0.000000,0.000000,-1,0.000000,-1,5.802864,-1,-1,-1,2123,0,0,0
pv0,16,59,1,0.000000,0.000000,0.000000,0.233000,0.000000,0.000000,0.000000,0.000000,0.000000,0.000000,0.000000,0.000000,0.000000,-1,0.000000,-1,7.257400,-1,-1,-1,1861,0,0,0
pv0,17,69,1,0.000000,0.000000,0.000000,0.383000,0.000000,0.000000,0.000000,0.000000,0.000000,0.000000,0.000000,0.000000,0.000000,-1,0.000000,-1,5.775340,-1,-1,-1,2141,0,0,0
pv0,18,53,1,0.000000,0.000000,0.000000,0.400000,0.000000,0.017000,0.000000,0.000000,0.000000,0.000000,0.000000,0.000000,0.000000,-1,0.000000,-1,7.796735,-1,-1,-1,1943,0,0,0
pv0,19,78,1,0.000000,0.000000,0.000000,0.333000,0.000000,0.000000,0.000000,0.000000,0.000000,0.000000,0.000000,0.000000,0.000000,-1,0.000000,-1,3.660034,-1,-1,-1,1989,0,0,0
pv0,20,86,1,0.000000,0.000000,0.000000,0.383000,0.000000,0.000000,0.000000,0.000000,0.000000,0.000000,0.000000,0.000000,0.000000,-1,0.000000,-1,5.315687,-1,-1,-1,2149,0,0,0
pv0,21,79,1,0.000000,0.000000,0.000000,0.317000,0.000000,0.000000,0.000000,0.000000,0.000000,0.000000,0.000000,0.000000,0.000000,-1,0.000000,-1,4.724400,-1,-1,-1,2228,0,0,0
pv0,22,54,1,0.000000,0.000000,0.000000,0.450000,0.000000,0.000000,0.000000,0.000000,0.000000,0.000000,0.000000,0.000000,0.000000,-1,0.000000,-1,7.395829,-1,-1,-1,2019,0,0,0
pv0,23,81,1,0.000000,0.000000,0.000000,0.483000,0.000000,0.000000,0.000000,0.000000,0.000000,0.000000,0.000000,0.000000,0.000000,-1,0.000000,-1,7.650855,-1,-1,-1,2501,0,0,0
pv0,24,61,2,0.000000,0.000000,0.000000,0.333000,0.000000,0.000000,0.000000,0.000000,0.000000,0.000000,0.000000,0.000000,0.000000,-1,0.000000,-1,5.672976,-1,-1,-1,2163,0,0,0
pv0,25,70,1,0.000000,0.000000,0.000000,0.300000,0.000000,0.000000,0.000000,0.000000,0.000000,0.000000,0.000000,0.000000,0.000000,-1,0.000000,-1,7.394000,-1,-1,-1,2185,0,0,0
pv0,26,75,1,0.000000,0.000000,0.000000,0.367000,0.000000,0.000000,0.000000,0.000000,0.000000,0.000000,0.000000,0.000000,0.000000,-1,0.000000,-1,7.257821,-1,-1,-1,1966,0,0,0
pv0,27,84,1,0.000000,0.000000,0.000000,0.417000,0.000000,0.000000,0.000000,0.000000,0.000000,0.000000,0.000000,0.000000,0.000000,-1,0.000000,-1,5.175785,-1,-1,-1,2119,0,0,0
pv0,28,84,1,0.000000,0.000000,0.000000,0.350000,0.000000,0.000000,0.000000,0.000000,0.000000,0.000000,0.000000,0.000000,0.000000,-1,0.000000,-1,6.005323,-1,-1,-1,2085,0,0,0
pv0,29,78,1,0.000000,0.000000,0.000000,0.233000,0.000000,0.000000,0.000000,0.000000,0.000000,0.000000,0.000000,0.000000,0.000000,-1,0.000000,-1,5.439492,-1,-1,-1,2190,0,0,0
pv0,30,70,1,0.000000,0.000000,0.000500,0.350000,0.000000,0.000000,0.000000,0.000000,0.000000,0.000000,0.000000,0.000000,0.000000,-1,0.000490,-1,7.572235,-1,-1,-1,2148,0,0,0
pv0,31,99,1,0.000000,0.000000,0.000000,0.433000,0.000000,0.000000,0.000000,0.000000,0.000000,0.000000,0.000000,0.000000,0.000000,-1,0.000000,-1,5.017800,-1,-1,-1,2106,0,0,0
pv0,32,60,1,0.000000,0.000000,0.000000,0.300000,0.000000,0.000000,0.000000,0.000000,0.000000,0.000000,0.000000,0.000000,0.000000,-1,0.000000,-1,7.947976,-1,-1,-1,2014,0,0,0
pv0,33,83,1,0.000000,0.000000,0.000000,0.383000,0.000000,0.000000,0.000000,0.000000,0.000000,0.000000,0.000000,0.000000,0.000000,-1,0.000000,-1,4.212969,-1,-1,-1,2237,0,0,0
pv0,34,115,1,0.000000,0.000000,0.000000,0.367000,0.000000,0.000000,0.000000,0.000000,0.000000,0.000000,0.000000,0.000000,0.000000,-1,0.000000,-1,6.609198,-1,-1,-1,1985,0,0,0
pv0,35,63,1,0.000000,0.000000,0.000000,0.283000,0.000000,0.000000,0.000000,0.000000,0.000000,0.000000,0.000000,0.000000,0.000000,-1,0.000000,-1,5.604023,-1,-1,-1,2148,0,0,0
pv0,36,61,1,0.000000,0.000000,0.000000,0.433000,0.000000,0.000000,0.000000,0.000000,0.000000,0.000000,0.000000,0.000000,0.000000,-1,0.000000,-1,7.445690,-1,-1,-1,1903,0,0,0
pv0,37,120,1,0.000000,0.000000,0.000000,0.250000,0.000000,0.000000,0.000000,0.000000,0.000000,0.000000,0.000000,0.000000,0.000000,-1,0.000000,-1,6.147050,-1,-1,-1,2265,0,0,0
pv0,38,87,1,0.000000,0.000000,0.000000,0.383000,0.000000,0.000000,0.000000,0.000000,0.000000,0.000000,0.000000,0.000000,0.000000,-1,0.000000,-1,6.835750,-1,-1,-1,2184,0,0,0
pv0,39,77,1,0.000000,0.000000,0.000000,0.383000,0.000000,0.000000,0.000000,0.000000,0.000000,0.000000,0.000000,0.000000,0.000000,-1,0.000000,-1,5.518362,-1,-1,-1,1997,0,0,0
pv0,40,65,1,0.000000,0.000000,0.000000,0.133000,0.000000,0.000000,0.000000,0.000000,0.000000,0.000000,0.000000,0.000000,0.000000,-1,0.000000,-1,6.275457,-1,-1,-1,2022,0,0,0
pv0,41,83,1,0.000000,0.000000,0.000000,0.400000,0.000000,0.000000,0.000000,0.000000,0.000000,0.000000,0.000000,0.000000,0.000000,-1,0.000000,-1,7.572750,-1,-1,-1,2106,0,0,0
pv0,42,121,1,0.000000,0.000000,0.000000,0.400000,0.000000,0.000000,0.000000,0.000000,0.000000,0.000000,0.000000,0.000000,0.000000,-1,0.000000,-1,9.219275,-1,-1,-1,2272,0,0,0
pv0,43,65,1,0.000000,0.000000,0.000000,0.300000,0.000000,0.000000,0.000000,0.000000,0.000000,0.029000,0.000000,0.000000,0.000000,-1,0.000000,-1,5.502283,-1,-1,-1,2136,0,0,0
pv0,44,68,1,0.000000,0.000000,0.000000,0.400000,0.000000,0.017000,0.000000,0.000000,0.000000,0.000000,0.000000,0.000000,0.000000,-1,0.000000,-1,6.851878,-1,-1,-1,2064,0,0,0
pv0,45,59,1,0.000000,0.000000,0.000000,0.400000,0.000000,0.000000,0.000000,0.000000,0.000000,0.000000,0.000000,0.000000,0.000000,-1,0.000000,-1,6.871450,-1,-1,-1,1974,0,0,0
pv0,46,76,1,0.000000,0.000000,0.000000,0.467000,0.000000,0.000000,0.000000,0.000000,0.000000,0.000000,0.000000,0.000000,0.000000,-1,0.000000,-1,5.627105,-1,-1,-1,2052,0,0,0
pv0,47,53,1,0.000000,0.000000,0.000000,0.300000,0.000000,0.000000,0.000000,0.000000,0.000000,0.000000,0.000000,0.000000,0.000000,-1,0.000000,-1,6.072824,-1,-1,-1,1924,0,0,0
pv0,48,90,1,0.000000,0.000000,0.000000,0.367000,0.000000,0.000000,0.000000,0.000000,0.000000,0.000000,0.000000,0.000000,0.000000,-1,0.000000,-1,7.267549,-1,-1,-1,2183,0,0,0
pv0,49,51,1,0.000000,0.000000,0.000000,0.417000,0.000000,0.000000,0.000000,0.000000,0.000000,0.000000,0.000000,0.000000,0.000000,-1,0.000000,-1,6.529750,-1,-1,-1,2052,0,0,0
pv0,50,82,1,0.000000,0.000000,0.000000,0.400000,0.000000,0.000000,0.000000,0.000000,0.000000,0.000000,0.000000,0.000000,0.000000,-1,0.000000,-1,6.865127,-1,-1,-1,2345,0,0,0
esp0,1,2999,221,0.688842,1.000000,0.000000,0.000000,0.374408,0.498000,0.000000,0.000000,0.541947,0.715000,0.227647,0.383000,0.234057,0.222687,0.000000,0.000000,6.931438,5.497600,0.792557,0.136833,669650,0,0,0
esp0,2,2999,272,0.703796,0.978000,0.000000,0.000000,0.425801,0.545000,0.000000,0.000000,0.520462,0.668000,0.218592,0.483000,0.228445,0.217873,0.000000,0.000000,6.668409,5.299060,0.755147,0.170717,808090,0,0,0
esp0,3,2999,327,0.706728,1.000000,0.000000,0.000000,0.415269,0.542000,0.000000,0.000000,0.534771,0.666000,0.203685,0.417000,0.214598,0.200513,0.000000,0.000000,6.003310,4.493247,0.805413,0.137270,971800,0,0,0
esp0,4,2999,246,0.682002,1.000000,0.000000,0.000000,0.396345,0.508000,0.000000,0.000000,0.545527,0.701000,0.223298,0.367000,0.235249,0.221457,0.000000,0.000000,6.937726,5.706850,0.815127,0.141187,738698,0,0,0
esp0,5,2999,295,0.681555,0.960000,0.000000,0.000000,0.439649,0.546000,0.000000,0.000000,0.540880,0.680000,0.223642,0.500000,0.228687,0.215820,0.000000,0.000000,6.180680,4.825840,0.780007,0.168553,891407,0,0,0
esp0,6,2999,335,0.709192,0.971000,0.000000,0.000000,0.471287,0.579000,0.000000,0.000000,0.525371,0.656000,0.196865,0.600000,0.198758,0.195777,0.000000,0.000000,6.139783,5.445293,0.738077,0.195117,978917,0,0,0
esp0,7,2999,320,0.698958,1.000000,0.000000,0.000000,0.452062,0.577000,0.000000,0.000000,0.521314,0.658000,0.209907,0.583000,0.219210,0.203400,0.000000,0.000000,7.178651,5.578767,0.733530,0.184483,946081,0,0,0
esp0,8,2999,277,0.694054,1.000000,0.000000,0.000000,0.443743,0.576000,0.000000,0.000000,0.543286,0.689000,0.215537,0.433000,0.217192,0.214040,0.000000,0.000000,6.119673,5.645613,0.771713,0.164083,809906,0,0,0
esp0,9,2999,345,0.702080,1.000000,0.000000,0.000000,0.508339,0.602000,0.000000,0.000000,0.530367,0.659000,0.214370,0.633000,0.219626,0.208877,0.000000,0.000000,6.368374,5.533557,0.798290,0.158513,1050869,0,0,0
esp0,10,2999,284,0.701753,0.967000,0.000000,0.000000,0.416681,0.522000,0.000000,0.000000,0.533609,0.686000,0.215282,0.433000,0.216715,0.212900,0.000000,0.000000,6.683808,5.284643,0.764510,0.166443,846220,0,0,0
esp0,11,2999,309,0.695949,1.000000,0.000000,0.000000,0.413151,0.539000,0.000000,0.000000,0.537749,0.671000,0.209484,0.417000,0.224826,0.204480,0.000000,0.000000,6.756075,4.457110,0.796823,0.141423,923302,0,0,0
esp0,12,2999,302,0.702934,1.000000,0.000000,0.000000,0.424953,0.538000,0.000000,0.000000,0.537272,0.658000,0.205964,0.467000,0.212210,0.203640,0.000000,0.000000,5.749171,5.132837,0.802437,0.136017,904610,0,0,0
esp0,13,2999,275,0.696178,1.000000,0.000000,0.000000,0.409433,0.533000,0.000000,0.000000,0.540122,0.667000,0.215187,0.467000,0.231879,0.209770,0.000000,0.000000,6.510142,5.322023,0.827287,0.109057,816051,0,0,0
esp0,14,2999,213,0.694435,1.000000,0.000000,0.000000,0.324341,0.461000,0.000000,0.000000,0.530521,0.688000,0.210395,0.450000,0.229673,0.209370,0.000000,0.000000,6.470206,5.126710,0.809790,0.136300,640400,0,0,0
esp0,15,2999,332,0.700879,1.000000,0.000000,0.000000,0.449538,0.574000,0.000000,0.000000,0.536206,0.667000,0.202551,0.483000,0.211819,0.199793,0.000000,0.000000,6.312121,5.200037,0.791197,0.136440,988502,0,0,0
esp0,16,2999,239,0.690911,1.000000,0.000000,0.000000,0.360711,0.488000,0.000000,0.000000,0.544087,0.718000,0.212517,0.450000,0.220431,0.208157,0.000000,0.000000,6.079445,4.788747,0.819360,0.115753,724634,0,0,0
esp0,17,2999,309,0.692620,1.000000,0.000000,0.000000,0.441411,0.550000,0.000000,0.000000,0.532560,0.674000,0.213574,0.583000,0.226918,0.207540,0.000000,0.000000,6.729381,5.748603,0.786347,0.141703,933774,0,0,0
esp0,18,2999,284,0.699421,0.960000,0.000000,0.000000,0.380376,0.498000,0.000000,0.000000,0.536494,0.680000,0.211618,0.400000,0.224452,0.205117,0.000000,0.000000,6.272658,4.909207,0.828583,0.123107,839075,0,0,0
esp0,19,2999,281,0.683811,1.000000,0.000000,0.000000,0.423360,0.541000,0.000000,0.000000,0.536056,0.672000,0.215905,0.567000,0.225153,0.214267,0.000000,0.000000,6.133698,4.802147,0.829510,0.071470,848591,0,0,0
esp0,20,2999,316,0.711904,1.000000,0.000000,0.000000,0.459338,0.560000,0.000000,0.000000,0.537003,0.679000,0.209081,0.450000,0.213210,0.206493,0.000000,0.000000,6.069544,5.151940,0.806473,0.139073,944237,0,0,0
esp0,21,2999,329,0.699109,1.000000,0.000000,0.000000,0.483610,0.594000,0.000000,0.000000,0.517134,0.633000,0.210313,0.467000,0.194498,0.210613,0.000000,0.000000,6.067737,5.663153,0.721887,0.189413,970686,0,0,0
esp0,22,2999,297,0.705311,1.000000,0.000000,0.000000,0.448848,0.566000,0.000000,0.000000,0.540066,0.679000,0.218250,0.467000,0.214018,0.215947,0.000000,0.000000,6.360196,5.433237,0.793623,0.139533,865046,0,0,0
esp0,23,2999,308,0.690624,1.000000,0.000000,0.000000,0.435977,0.562000,0.000000,0.000000,0.534979,0.659000,0.217982,0.367000,0.222601,0.216057,0.000000,0.000000,6.690363,6.385920,0.780400,0.158280,910185,0,0,0
esp0,24,2999,325,0.701876,1.000000,0.000000,0.000000,0.469613,0.571000,0.000000,0.000000,0.534096,0.672000,0.211469,0.467000,0.202459,0.217763,0.000000,0.000000,6.043331,5.810287,0.754400,0.176943,965261,0,0,0
esp0,25,2999,323,0.707753,1.000000,0.000000,0.000000,0.478879,0.613000,0.000000,0.000000,0.541631,0.676000,0.211147,0.500000,0.219584,0.206210,0.000000,0.000000,6.739363,5.355630,0.810710,0.122713,962728,0,0,0
esp0,26,2999,251,0.680422,1.000000,0.000000,0.000000,0.415813,0.540000,0.000000,0.000000,0.545488,0.692000,0.213844,0.400000,0.213466,0.214220,0.000000,0.000000,6.199064,5.224983,0.812270,0.148050,738890,0,0,0
esp0,27,2999,280,0.702694,1.000000,0.000000,0.000000,0.430450,0.556000,0.000000,0.000000,0.546757,0.712000,0.203817,0.450000,0.211758,0.198570,0.000000,0.000000,6.502769,4.518537,0.813977,0.130680,821299,0,0,0
esp0,28,2999,307,0.700330,1.000000,0.000000,0.000000,0.410842,0.521000,0.000000,0.000000,0.528438,0.674000,0.220094,0.350000,0.228231,0.218113,0.000000,0.000000,6.296851,5.347557,0.799853,0.132207,933039,0,0,0
esp0,29,2999,367,0.721007,1.000000,0.000000,0.000000,0.482361,0.599000,0.000000,0.000000,0.518435,0.637000,0.203872,0.417000,0.206402,0.202200,0.000000,0.000000,6.549730,5.774763,0.729300,0.179133,1097665,0,0,0
esp0,30,2999,275,0.705666,1.000000,0.000000,0.000000,0.402298,0.532000,0.000000,0.000000,0.536098,0.692000,0.212065,0.450000,0.221032,0.208660,0.000000,0.000000,6.365790,5.143560,0.763773,0.192097,821206,0,0,0
esp0,31,2999,247,0.684725,1.000000,0.000000,0.000000,0.389792,0.534000,0.000000,0.000000,0.542119,0.671000,0.220889,0.517000,0.243890,0.213817,0.000000,0.000000,6.050391,4.817617,0.791507,0.128840,743679,0,0,0
esp0,32,2999,278,0.697991,1.000000,0.000000,0.000000,0.393207,0.522000,0.000000,0.000000,0.536719,0.685000,0.220983,0.350000,0.227164,0.214710,0.000000,0.000000,6.818060,5.569430,0.801813,0.122033,810358,0,0,0
esp0,33,2999,331,0.701704,1.000000,0.000000,0.000000,0.462241,0.573000,0.000000,0.000000,0.523148,0.665000,0.209675,0.450000,0.194772,0.216800,0.000000,0.000000,5.378466,5.093800,0.691967,0.244903,989570,0,0,0
esp0,34,2999,270,0.696481,1.000000,0.000000,0.000000,0.388896,0.518000,0.000000,0.000000,0.547059,0.689000,0.215160,0.324000,0.218605,0.211893,0.000000,0.000000,6.189189,5.324183,0.812413,0.155440,811814,0,0,0
esp0,35,2999,374,0.702214,1.000000,0.000000,0.000000,0.487348,0.592000,0.000000,0.000000,0.526266,0.631000,0.202361,0.550000,0.209569,0.202163,0.000000,0.000000,6.092498,5.123720,0.768017,0.163880,1101080,0,0,0
esp0,36,2999,211,0.679842,1.000000,0.000000,0.000000,0.339185,0.455000,0.000000,0.000000,0.545014,0.695000,0.219835,0.350000,0.224609,0.213530,0.000000,0.000000,6.279221,5.382090,0.791330,0.153957,627746,0,0,0
esp0,37,2999,361,0.696572,1.000000,0.000000,0.000000,0.498546,0.618000,0.000000,0.000000,0.529637,0.657000,0.212194,0.533000,0.223922,0.210317,0.000000,0.000000,6.837210,5.552193,0.737097,0.183463,1072291,0,0,0
esp0,38,2999,293,0.692493,1.000000,0.000000,0.000000,0.395434,0.503000,0.000000,0.000000,0.531398,0.684000,0.216937,0.400000,0.234192,0.208653,0.000000,0.000000,6.346399,4.993517,0.812420,0.129037,876453,0,0,0
esp0,39,2999,234,0.686782,1.000000,0.000000,0.000000,0.388514,0.523000,0.000000,0.000000,0.546112,0.702000,0.229124,0.450000,0.235456,0.227570,0.000000,0.000000,6.119174,5.494077,0.800850,0.115537,701820,0,0,0
esp0,40,2999,338,0.706617,1.000000,0.000000,0.000000,0.455598,0.564000,0.000000,0.000000,0.522279,0.664000,0.204617,0.417000,0.212498,0.206550,0.000000,0.000000,6.130797,4.761987,0.746753,0.164220,1019517,0,0,0
esp0,41,2999,317,0.707196,1.000000,0.000000,0.000000,0.418067,0.531000,0.000000,0.000000,0.532037,0.657000,0.203778,0.500000,0.212466,0.200723,0.000000,0.000000,6.543089,5.436900,0.788957,0.139283,948693,0,0,0
esp0,42,2999,289,0.700637,0.971000,0.000000,0.000000,0.451032,0.586000,0.000000,0.000000,0.537573,0.693000,0.210706,0.500000,0.209477,0.209153,0.000000,0.000000,6.150000,5.116290,0.743790,0.215573,858811,0,0,0
esp0,43,2999,290,0.699182,1.000000,0.000000,0.000000,0.411094,0.514000,0.000000,0.000000,0.531787,0.657000,0.217508,0.517000,0.238733,0.215033,0.000000,0.000000,6.702847,4.987670,0.787490,0.138550,855304,0,0,0
esp0,44,2999,250,0.688930,1.000000,0.000000,0.000000,0.387975,0.524000,0.000000,0.000000,0.537786,0.681000,0.215334,0.467000,0.232363,0.207743,0.000000,0.000000,7.005655,5.457837,0.777407,0.157363,738922,0,0,0
esp0,45,2999,292,0.699878,0.971000,0.000000,0.000000,0.426315,0.543000,0.000000,0.000000,0.536588,0.682000,0.212292,0.433000,0.218338,0.210720,0.000000,0.000000,6.764836,5.445160,0.777403,0.167353,861874,0,0,0
esp0,46,2999,317,0.692762,1.000000,0.000000,0.000000,0.454989,0.570000,0.000000,0.000000,0.537366,0.671000,0.214949,0.400000,0.213680,0.212380,0.000000,0.000000,6.068292,5.291773,0.785960,0.160153,948172,0,0,0
esp0,47,2999,241,0.680520,1.000000,0.000000,0.000000,0.389808,0.508000,0.000000,0.000000,0.541456,0.681000,0.223118,0.467000,0.227537,0.222410,0.000000,0.000000,6.278395,5.582707,0.763763,0.175527,729828,0,0,0
esp0,48,2999,243,0.696452,0.933000,0.000000,0.000000,0.449215,0.595000,0.000000,0.000000,0.543801,0.678000,0.206341,0.583000,0.213833,0.202053,0.000000,0.000000,6.176310,5.093093,0.783000,0.144443,720169,0,0,0
esp0,49,2999,301,0.703288,1.000000,0.000000,0.000000,0.445205,0.551000,0.000000,0.000000,0.540547,0.668000,0.213538,0.550000,0.212416,0.211260,0.000000,0.000000,6.595523,5.570470,0.793137,0.157887,915547,0,0,0
esp0,50,2999,284,0.704631,0.971000,0.000000,0.000000,0.415987,0.549000,0.000000,0.000000,0.533886,0.698000,0.211101,0.533000,0.218103,0.211747,0.000000,0.000000,6.477843,5.402217,0.785500,0.155770,850750,0,0,0
h1,1,2999,227,0.892918,1.000000,0.227198,0.535000,0.155021,0.325000,0.034136,0.064000,0.496708,0.693000,0.000000,0.000000,0.000000,0.000000,0.400477,0.062127,1.000000,1.000000,0.755733,0.170133,685500,0,0,0
h1,2,2999,272,0.860999,0.993000,0.224603,0.519000,0.211329,0.400000,0.028307,0.062000,0.495158,0.712000,0.000000,0.000000,0.000000,0.000000,0.432544,0.051493,1.000000,1.000000,0.759643,0.153120,824227,0,0,0
h1,3,2999,325,0.873061,1.000000,0.347239,0.566000,0.196731,0.373000,0.044666,0.065000,0.541032,0.710000,0.000000,0.000000,0.000000,0.000000,0.448783,0.155367,1.000000,1.000000,0.824960,0.109150,975724,0,0,0
h1,4,2999,242,0.883107,1.000000,0.160295,0.515000,0.183629,0.327000,0.024357,0.060000,0.467904,0.691000,0.000000,0.000000,0.000000,0.000000,0.392879,0.041407,1.000000,1.000000,0.676767,0.232263,754030,1,1,0
h1,5,2999,301,0.854652,1.000000,0.169822,0.545000,0.258189,0.422000,0.020988,0.059000,0.482297,0.700000,0.000000,0.000000,0.000000,0.000000,0.447811,0.046690,1.000000,1.000000,0.846450,0.102450,904799,0,0,0
h1,6,2999,337,0.834343,1.000000,0.248018,0.568000,0.258498,0.451000,0.027983,0.061000,0.508088,0.673000,0.000000,0.000000,0.000000,0.000000,0.449875,0.061387,1.000000,1.000000,0.768220,0.121197,989544,0,0,0
h1,7,2999,320,0.833903,1.000000,0.219702,0.546000,0.285220,0.471000,0.027447,0.061000,0.499257,0.674000,0.000000,0.000000,0.000000,0.000000,0.449278,0.069457,1.000000,1.000000,0.789000,0.139120,958076,0,0,0
h1,8,2999,278,0.877059,0.997000,0.286088,0.553000,0.180117,0.396000,0.034449,0.062000,0.527110,0.697000,0.000000,0.000000,0.000000,0.000000,0.433875,0.058703,1.000000,1.000000,0.789717,0.128470,825482,1,1,0
h1,9,2999,357,0.829995,1.000000,0.252109,0.578000,0.294107,0.492000,0.030388,0.062000,0.505644,0.708000,0.000000,0.000000,0.000000,0.000000,0.455865,0.057117,1.000000,1.000000,0.788310,0.159967,1064483,0,0,0
h1,10,2999,294,0.864259,0.997000,0.271328,0.545000,0.199351,0.380000,0.030001,0.056000,0.516069,0.714000,0.000000,0.000000,0.000000,0.000000,0.436754,0.059267,1.000000,1.000000,0.669237,0.266140,855205,0,0,0
h1,11,2999,314,0.867001,0.997000,0.265289,0.563000,0.204743,0.401000,0.034033,0.062000,0.512485,0.683000,0.000000,0.000000,0.000000,0.000000,0.452121,0.065220,1.000000,1.000000,0.820517,0.118977,930030,0,0,0
h1,12,2999,306,0.862875,1.000000,0.259809,0.539000,0.190372,0.362000,0.031516,0.061000,0.501889,0.710000,0.000000,0.000000,0.000000,0.000000,0.442018,0.059510,1.000000,1.000000,0.565773,0.297680,912401,1,0,1
h1,13,2999,280,0.894113,0.997000,0.360301,0.544000,0.138484,0.278000,0.045605,0.064000,0.548702,0.695000,0.000000,0.000000,0.000000,0.000000,0.421612,0.232123,1.000000,1.000000,0.676120,0.244793,826527,0,0,0
h1,14,2999,219,0.917319,0.993000,0.213579,0.478000,0.128907,0.288000,0.031456,0.058000,0.502716,0.731000,0.000000,0.000000,0.000000,0.000000,0.369737,0.053693,1.000000,1.000000,0.841237,0.087210,653188,0,0,0
h1,15,2999,331,0.842171,0.997000,0.216969,0.548000,0.270998,0.434000,0.026501,0.059000,0.495626,0.715000,0.000000,0.000000,0.000000,0.000000,0.453039,0.052603,1.000000,1.000000,0.752640,0.186187,998471,0,0,0
h1,16,2999,242,0.917381,1.000000,0.364388,0.510000,0.095919,0.239000,0.042767,0.064000,0.569827,0.721000,0.000000,0.000000,0.000000,0.000000,0.419673,0.239023,1.000000,1.000000,0.676220,0.228013,730936,1,1,0
h1,17,2999,317,0.851373,1.000000,0.223267,0.549000,0.233153,0.411000,0.025302,0.055000,0.494158,0.672000,0.000000,0.000000,0.000000,0.000000,0.440833,0.059010,1.000000,1.000000,0.791927,0.158827,944454,0,0,0
h1,18,2999,293,0.901408,0.997000,0.370694,0.532000,0.125635,0.248000,0.048634,0.066000,0.554069,0.702000,0.000000,0.000000,0.000000,0.000000,0.426057,0.277660,1.000000,1.000000,0.618153,0.305223,845301,0,0,0
h1,19,2999,281,0.864965,1.000000,0.260251,0.556000,0.206745,0.379000,0.033526,0.065000,0.504607,0.740000,0.000000,0.000000,0.000000,0.000000,0.435157,0.057217,1.000000,1.000000,0.741477,0.176877,861605,0,0,0
h1,20,2999,323,0.844414,1.000000,0.212345,0.559000,0.267903,0.450000,0.024794,0.059000,0.498159,0.698000,0.000000,0.000000,0.000000,0.000000,0.456637,0.059437,1.000000,1.000000,0.734313,0.200643,956630,0,0,0
h1,21,2999,327,0.832887,1.000000,0.232360,0.598000,0.270747,0.456000,0.026486,0.061000,0.497287,0.685000,0.000000,0.000000,0.000000,0.000000,0.454566,0.050417,1.000000,1.000000,0.703307,0.194507,984417,0,0,0
h1,22,2999,295,0.875217,0.997000,0.336427,0.546000,0.177351,0.375000,0.039706,0.062000,0.543912,0.689000,0.000000,0.000000,0.000000,0.000000,0.437327,0.091620,1.000000,1.000000,0.605483,0.308360,879393,0,0,0
h1,23,2999,306,0.871091,0.993000,0.339994,0.540000,0.179618,0.379000,0.039394,0.062000,0.539104,0.678000,0.000000,0.000000,0.000000,0.000000,0.438577,0.102040,1.000000,1.000000,0.744840,0.162323,920421,0,0,0
h1,24,2999,324,0.852443,0.997000,0.327849,0.581000,0.209253,0.450000,0.034467,0.059000,0.538037,0.676000,0.000000,0.000000,0.000000,0.000000,0.466733,0.074807,1.000000,1.000000,0.805263,0.126577,974233,0,0,0
h1,25,2999,330,0.848104,0.997000,0.269065,0.545000,0.247267,0.435000,0.029191,0.055000,0.520471,0.703000,0.000000,0.000000,0.000000,0.000000,0.446011,0.070683,1.000000,1.000000,0.794277,0.157543,975724,0,0,0
h1,26,2999,258,0.878668,1.000000,0.202299,0.514000,0.202096,0.368000,0.026161,0.060000,0.500297,0.704000,0.000000,0.000000,0.000000,0.000000,0.406979,0.046860,1.000000,1.000000,0.769620,0.141977,755010,0,0,0
h1,27,2999,284,0.863527,0.993000,0.220021,0.556000,0.211553,0.385000,0.026051,0.057000,0.506461,0.691000,0.000000,0.000000,0.000000,0.000000,0.425698,0.052013,1.000000,1.000000,0.775467,0.144523,833660,0,0,0
h1,28,2999,322,0.864899,0.993000,0.242561,0.570000,0.211706,0.398000,0.031469,0.063000,0.501541,0.709000,0.000000,0.000000,0.000000,0.000000,0.448975,0.049887,1.000000,1.000000,0.777723,0.139537,942767,0,0,0
h1,29,2999,373,0.838534,1.000000,0.342735,0.577000,0.225933,0.456000,0.036626,0.058000,0.528931,0.664000,0.000000,0.000000,0.000000,0.000000,0.458961,0.092970,1.000000,1.000000,0.807363,0.088843,1105932,0,0,0
h1,30,2999,273,0.885147,0.987000,0.251422,0.535000,0.181475,0.348000,0.032478,0.063000,0.509986,0.721000,0.000000,0.000000,0.000000,0.000000,0.425082,0.062730,1.000000,1.000000,0.680833,0.253733,833971,0,0,0
h1,31,2999,257,0.886568,1.000000,0.212058,0.529000,0.169112,0.323000,0.029177,0.063000,0.493021,0.694000,0.000000,0.000000,0.000000,0.000000,0.394648,0.048470,1.000000,1.000000,0.700157,0.200417,757618,0,0,0
h1,32,2999,272,0.883802,1.000000,0.246892,0.545000,0.177637,0.339000,0.032785,0.066000,0.510389,0.698000,0.000000,0.000000,0.000000,0.000000,0.424655,0.054083,1.000000,1.000000,0.815863,0.089207,822504,0,0,0
h1,33,2999,335,0.859288,1.000000,0.359041,0.592000,0.206200,0.432000,0.037718,0.061000,0.552476,0.731000,0.000000,0.000000,0.000000,0.000000,0.478438,0.080683,1.000000,1.000000,0.823747,0.114227,997718,0,0,0
h1,34,2999,274,0.897366,1.000000,0.327854,0.525000,0.133998,0.275000,0.043964,0.061000,0.531294,0.735000,0.000000,0.000000,0.000000,0.000000,0.420317,0.159670,1.000000,1.000000,0.669473,0.181377,820672,0,0,0
h1,35,2999,379,0.838406,1.000000,0.326552,0.577000,0.252791,0.460000,0.035092,0.059000,0.530237,0.669000,0.000000,0.000000,0.000000,0.000000,0.468875,0.083187,1.000000,1.000000,0.794760,0.132573,1108525,0,0,0
h1,36,2999,215,0.904738,1.000000,0.169829,0.465000,0.126648,0.274000,0.028655,0.057000,0.464477,0.716000,0.000000,0.000000,0.000000,0.000000,0.347000,0.048603,1.000000,1.000000,0.640537,0.259710,642300,0,0,0
h1,37,2999,365,0.834123,1.000000,0.273092,0.593000,0.271509,0.444000,0.031859,0.061000,0.514773,0.717000,0.000000,0.000000,0.000000,0.000000,0.464776,0.054413,1.000000,1.000000,0.721013,0.181027,1085307,0,0,0
h1,38,2999,300,0.893788,1.000000,0.386390,0.562000,0.128599,0.250000,0.048292,0.065000,0.551061,0.689000,0.000000,0.000000,0.000000,0.000000,0.437349,0.331770,1.000000,1.000000,0.657747,0.169933,882137,1,1,0
h1,39,2999,240,0.899779,1.000000,0.276733,0.510000,0.147718,0.317000,0.039923,0.064000,0.510828,0.728000,0.000000,0.000000,0.000000,0.000000,0.390662,0.054883,1.000000,1.000000,0.663990,0.238337,718097,0,0,0
h1,40,2999,347,0.832559,1.000000,0.216639,0.554000,0.280070,0.444000,0.025559,0.058000,0.488945,0.699000,0.000000,0.000000,0.000000,0.000000,0.443295,0.050827,1.000000,1.000000,0.767927,0.158173,1030202,0,0,0
h1,41,2999,315,0.860953,1.000000,0.257871,0.548000,0.215932,0.382000,0.032202,0.065000,0.503883,0.676000,0.000000,0.000000,0.000000,0.000000,0.437413,0.059230,1.000000,1.000000,0.682117,0.216027,956524,0,0,0
h1,42,2999,298,0.846570,1.000000,0.181230,0.526000,0.269950,0.432000,0.023545,0.063000,0.486608,0.735000,0.000000,0.000000,0.000000,0.000000,0.429790,0.049213,1.000000,1.000000,0.743713,0.131883,873225,0,0,0
h1,43,2999,288,0.893874,0.997000,0.385036,0.575000,0.133412,0.253000,0.045135,0.062000,0.559408,0.699000,0.000000,0.000000,0.000000,0.000000,0.444345,0.288320,1.000000,1.000000,0.524583,0.334940,864740,0,0,0
h1,44,2999,252,0.889275,0.990000,0.251277,0.500000,0.158415,0.337000,0.032656,0.060000,0.511518,0.728000,0.000000,0.000000,0.000000,0.000000,0.408975,0.051673,1.000000,1.000000,0.637850,0.290217,752327,0,0,0
h1,45,2999,295,0.860638,1.000000,0.200542,0.540000,0.232661,0.413000,0.025665,0.061000,0.493881,0.717000,0.000000,0.000000,0.000000,0.000000,0.436463,0.050950,1.000000,1.000000,0.780617,0.171400,873885,0,0,0
h1,46,2999,321,0.852678,1.000000,0.251170,0.558000,0.241239,0.416000,0.030900,0.064000,0.508544,0.712000,0.000000,0.000000,0.000000,0.000000,0.451171,0.054787,1.000000,1.000000,0.819807,0.114180,958591,0,0,0
h1,47,2999,254,0.896193,1.000000,0.261941,0.523000,0.155558,0.324000,0.038672,0.067000,0.509507,0.701000,0.000000,0.000000,0.000000,0.000000,0.398826,0.067733,1.000000,1.000000,0.784037,0.135463,745051,0,0,0
h1,48,2999,247,0.866666,1.000000,0.286701,0.535000,0.212940,0.424000,0.034860,0.059000,0.542883,0.741000,0.000000,0.000000,0.000000,0.000000,0.424082,0.072473,1.000000,1.000000,0.790907,0.112013,736335,0,0,0
h1,49,2999,308,0.857415,0.993000,0.227336,0.541000,0.248721,0.417000,0.027500,0.060000,0.505976,0.690000,0.000000,0.000000,0.000000,0.000000,0.432922,0.061887,1.000000,1.000000,0.806140,0.101233,926746,0,0,0
h1,50,2999,286,0.866623,1.000000,0.216571,0.537000,0.222869,0.385000,0.028508,0.059000,0.499372,0.696000,0.000000,0.000000,0.000000,0.000000,0.427224,0.041967,1.000000,1.000000,0.816300,0.094380,863493,0,0,0
cego0,1,2999,218,0.607743,1.000000,0.409120,0.573000,0.215818,0.429000,0.065847,0.088000,0.000000,0.000000,0.147359,0.317000,0.098028,0.187523,0.458249,0.338723,7.636875,9.078263,0.800817,0.092390,669305,0,0,0
cego0,2,2999,271,0.622912,0.978000,0.425658,0.576000,0.277361,0.433000,0.068726,0.090000,0.000000,0.000000,0.160648,0.417000,0.103174,0.185920,0.466537,0.395553,7.890754,10.426453,0.757593,0.119263,801617,0,0,0
cego0,3,2999,326,0.647259,1.000000,0.438540,0.563000,0.250117,0.383000,0.066692,0.086000,0.000000,0.000000,0.118902,0.383000,0.090431,0.138303,0.473028,0.418983,6.670320,7.267957,0.803740,0.142487,969616,0,0,0
cego0,4,2999,242,0.611721,1.000000,0.422775,0.562000,0.204852,0.333000,0.067068,0.086000,0.000000,0.000000,0.131260,0.283000,0.097573,0.159203,0.450132,0.397450,7.513278,8.264863,0.678023,0.227053,737749,0,0,0
cego0,5,2999,304,0.622989,0.960000,0.437433,0.565000,0.268149,0.419000,0.070047,0.092000,0.000000,0.000000,0.139188,0.450000,0.097854,0.157583,0.479142,0.402230,6.816160,8.954627,0.692690,0.251570,890090,0,0,0
cego0,6,2999,319,0.642190,0.971000,0.348453,0.549000,0.358250,0.571000,0.055238,0.081000,0.000000,0.000000,0.144694,0.567000,0.082790,0.184243,0.457018,0.242670,6.736456,10.297690,0.833460,0.131117,976093,0,0,0
cego0,7,2999,309,0.640091,1.000000,0.413925,0.558000,0.293305,0.470000,0.060627,0.077000,0.000000,0.000000,0.128226,0.483000,0.089004,0.168910,0.465299,0.360267,7.541762,8.145833,0.791817,0.129403,945028,0,0,0
cego0,8,2999,273,0.629186,1.000000,0.429098,0.589000,0.277246,0.419000,0.067837,0.088000,0.000000,0.000000,0.148383,0.383000,0.094189,0.171283,0.468947,0.413847,6.985509,9.828140,0.725473,0.207270,806526,1,1,0
cego0,9,2999,352,0.627007,1.000000,0.402923,0.565000,0.370230,0.506000,0.067060,0.089000,0.000000,0.000000,0.155743,0.550000,0.106206,0.173463,0.453114,0.361020,7.355107,8.685840,0.793600,0.146913,1048059,0,0,0
cego0,10,2999,284,0.635825,0.967000,0.429500,0.549000,0.213363,0.379000,0.064538,0.086000,0.000000,0.000000,0.129211,0.283000,0.085982,0.156980,0.467149,0.402630,6.951925,7.186063,0.698273,0.193997,845187,0,0,0
cego0,11,2999,309,0.637261,1.000000,0.446287,0.567000,0.220494,0.353000,0.065958,0.083000,0.000000,0.000000,0.128431,0.350000,0.093833,0.134173,0.482043,0.431847,7.406883,8.292773,0.694207,0.190303,919171,0,0,0
cego0,12,2999,297,0.637251,1.000000,0.403132,0.586000,0.281763,0.430000,0.065562,0.085000,0.000000,0.000000,0.142273,0.383000,0.095327,0.160043,0.457626,0.381217,6.524986,8.889633,0.798803,0.139650,900824,1,0,1
cego0,13,2999,267,0.627511,1.000000,0.414019,0.566000,0.255322,0.414000,0.067276,0.089000,0.000000,0.000000,0.136811,0.417000,0.095114,0.160773,0.462890,0.386180,7.349826,9.608707,0.760380,0.179477,813226,0,0,0
cego0,14,2999,216,0.617080,1.000000,0.413677,0.565000,0.151880,0.332000,0.062265,0.087000,0.000000,0.000000,0.119724,0.333000,0.090765,0.132977,0.447559,0.378620,7.045794,8.670533,0.731793,0.215330,639461,0,0,0
cego0,15,2999,326,0.639961,1.000000,0.389498,0.560000,0.326373,0.482000,0.063310,0.082000,0.000000,0.000000,0.150387,0.367000,0.095246,0.176373,0.462110,0.333903,7.263616,10.028503,0.820693,0.088733,985297,0,0,0
cego0,16,2999,242,0.633168,1.000000,0.444623,0.567000,0.154450,0.289000,0.062231,0.085000,0.000000,0.000000,0.108097,0.267000,0.080708,0.124853,0.472249,0.407847,6.345477,6.702703,0.733117,0.145643,723582,0,0,0
cego0,17,2999,305,0.635482,1.000000,0.421506,0.565000,0.265731,0.431000,0.064111,0.085000,0.000000,0.000000,0.134659,0.467000,0.093185,0.159877,0.469900,0.385230,7.412861,9.712733,0.729130,0.181150,931827,0,0,0
cego0,18,2999,278,0.639466,0.960000,0.435987,0.560000,0.198719,0.342000,0.067351,0.088000,0.000000,0.000000,0.121252,0.283000,0.093747,0.140937,0.470523,0.416553,6.861577,8.409507,0.745647,0.174543,837208,0,0,0
cego0,19,2999,279,0.631700,1.000000,0.444533,0.584000,0.256416,0.423000,0.063474,0.085000,0.000000,0.000000,0.126851,0.400000,0.088178,0.159920,0.471737,0.429083,6.167512,7.061803,0.749877,0.202547,850322,1,1,0
cego0,20,2999,315,0.643118,1.000000,0.398603,0.571000,0.332009,0.500000,0.063429,0.085000,0.000000,0.000000,0.159829,0.417000,0.097947,0.200867,0.473890,0.314313,6.968957,7.302947,0.817700,0.109233,940435,0,0,0
cego0,21,2999,320,0.637318,1.000000,0.376780,0.556000,0.384876,0.537000,0.061588,0.082000,0.000000,0.000000,0.154702,0.467000,0.087164,0.184460,0.454445,0.309873,6.921904,9.167040,0.786993,0.159807,968887,0,0,0
cego0,22,2999,286,0.627965,1.000000,0.459337,0.595000,0.227985,0.392000,0.063137,0.083000,0.000000,0.000000,0.122725,0.400000,0.088940,0.136677,0.473075,0.447527,7.226826,9.382837,0.741347,0.169580,864277,0,0,0
cego0,23,2999,303,0.622303,1.000000,0.419013,0.555000,0.302233,0.446000,0.068073,0.084000,0.000000,0.000000,0.147803,0.283000,0.099160,0.160477,0.468171,0.395807,7.420641,10.245890,0.784647,0.155930,906414,0,0,0
cego0,24,2999,316,0.635278,1.000000,0.433303,0.606000,0.301853,0.443000,0.066735,0.085000,0.000000,0.000000,0.136811,0.433000,0.084587,0.157087,0.473448,0.414373,6.785093,9.615080,0.752877,0.163480,961157,0,0,0
cego0,25,2999,321,0.626514,1.000000,0.410805,0.543000,0.325771,0.458000,0.064693,0.081000,0.000000,0.000000,0.143764,0.417000,0.097719,0.168720,0.443306,0.390763,7.415904,9.209690,0.789273,0.156660,960293,0,0,0
cego0,26,2999,246,0.617205,1.000000,0.426304,0.559000,0.245711,0.413000,0.066227,0.089000,0.000000,0.000000,0.133278,0.250000,0.097609,0.152853,0.455018,0.417037,7.146751,9.338557,0.771533,0.144987,737974,0,0,0
cego0,27,2999,269,0.622000,1.000000,0.411982,0.566000,0.250918,0.411000,0.063484,0.085000,0.000000,0.000000,0.131347,0.433000,0.088320,0.149827,0.453025,0.394637,6.985843,9.029360,0.762870,0.150553,816963,0,0,0
cego0,28,2999,306,0.628062,1.000000,0.434103,0.566000,0.258034,0.371000,0.070352,0.089000,0.000000,0.000000,0.142805,0.300000,0.089904,0.164190,0.474822,0.408093,7.117840,9.338310,0.756393,0.126990,930038,0,0,0
cego0,29,2999,368,0.641441,1.000000,0.418272,0.562000,0.321754,0.476000,0.063161,0.082000,0.000000,0.000000,0.135595,0.417000,0.083516,0.158233,0.465630,0.393037,7.082819,9.454460,0.761200,0.125863,1095850,0,0,0
cego0,30,2999,270,0.624123,1.000000,0.443612,0.577000,0.215231,0.341000,0.066346,0.090000,0.000000,0.000000,0.135896,0.350000,0.097046,0.148797,0.455890,0.441607,7.479505,9.526717,0.723540,0.189240,817035,0,0,0
cego0,31,2999,250,0.601742,1.000000,0.439942,0.578000,0.210818,0.358000,0.066050,0.088000,0.000000,0.000000,0.137665,0.417000,0.094836,0.146240,0.459416,0.439260,6.454146,9.038167,0.693657,0.246460,741495,0,0,0
cego0,32,2999,263,0.619262,1.000000,0.414117,0.577000,0.226229,0.383000,0.067673,0.088000,0.000000,0.000000,0.140370,0.283000,0.098932,0.154870,0.471221,0.385173,7.323157,9.689240,0.759850,0.165163,808334,1,1,0
cego0,33,2999,329,0.636665,1.000000,0.442261,0.599000,0.305360,0.448000,0.068358,0.086000,0.000000,0.000000,0.146931,0.367000,0.082680,0.172007,0.491626,0.413890,6.113028,9.606193,0.745223,0.172697,983986,0,0,0
cego0,34,2999,269,0.623204,1.000000,0.436350,0.563000,0.216419,0.345000,0.066625,0.088000,0.000000,0.000000,0.128643,0.250000,0.095448,0.150167,0.466228,0.416810,6.755605,7.219297,0.758697,0.165087,810069,0,0,0
cego0,35,2999,358,0.655820,1.000000,0.304413,0.571000,0.399755,0.577000,0.045789,0.074000,0.000000,0.000000,0.154360,0.433000,0.088900,0.190580,0.463769,0.185217,6.665356,5.600887,0.875073,0.074400,1100448,0,0,0
cego0,36,2999,204,0.612223,1.000000,0.381683,0.550000,0.197185,0.359000,0.064433,0.088000,0.000000,0.000000,0.125993,0.317000,0.094178,0.160077,0.427441,0.351183,6.632100,7.696917,0.798043,0.141627,629293,0,0,0
cego0,37,2999,355,0.641277,1.000000,0.404950,0.556000,0.349506,0.518000,0.061969,0.080000,0.000000,0.000000,0.143974,0.450000,0.093601,0.171000,0.465395,0.360890,7.369406,9.342633,0.811500,0.121350,1070686,0,0,0
cego0,38,2999,294,0.633114,1.000000,0.434633,0.560000,0.229831,0.384000,0.067147,0.086000,0.000000,0.000000,0.137167,0.317000,0.091402,0.166637,0.476673,0.401820,6.761851,8.437140,0.754263,0.141943,872684,0,0,0
cego0,39,2999,227,0.624288,1.000000,0.408888,0.556000,0.244300,0.404000,0.066279,0.085000,0.000000,0.000000,0.145167,0.367000,0.099007,0.182887,0.459381,0.354847,6.571345,8.213193,0.792237,0.137140,703202,0,0,0
cego0,40,2999,345,0.629194,1.000000,0.432022,0.549000,0.300760,0.442000,0.065120,0.084000,0.000000,0.000000,0.138446,0.350000,0.091847,0.150277,0.460032,0.414137,6.769886,9.461113,0.673353,0.220807,1015539,0,0,0
cego0,41,2999,313,0.641039,1.000000,0.417886,0.554000,0.271175,0.423000,0.065120,0.085000,0.000000,0.000000,0.133494,0.400000,0.090135,0.151487,0.462093,0.390490,6.983174,8.594027,0.771640,0.167647,946511,0,0,0
cego0,42,2999,283,0.628751,1.000000,0.404887,0.555000,0.302214,0.444000,0.068676,0.087000,0.000000,0.000000,0.153285,0.433000,0.096612,0.169537,0.457932,0.389537,6.808000,9.356997,0.649843,0.318910,855097,0,0,0
cego0,43,2999,278,0.627562,1.000000,0.435924,0.575000,0.238743,0.388000,0.066142,0.086000,0.000000,0.000000,0.131709,0.417000,0.097829,0.156800,0.481007,0.401007,7.229007,7.596237,0.777777,0.117537,854544,0,0,0
cego0,44,2999,247,0.615045,1.000000,0.365150,0.567000,0.276636,0.441000,0.059066,0.081000,0.000000,0.000000,0.156696,0.333000,0.097555,0.190593,0.462968,0.287073,7.644363,6.515740,0.808997,0.113450,736291,1,1,0
cego0,45,2999,291,0.637099,0.971000,0.417320,0.584000,0.259950,0.428000,0.065550,0.087000,0.000000,0.000000,0.144995,0.400000,0.086815,0.173893,0.466698,0.383207,7.436349,9.335220,0.720150,0.187720,857302,0,0,0
cego0,46,2999,309,0.625304,1.000000,0.427371,0.551000,0.294087,0.418000,0.067244,0.085000,0.000000,0.000000,0.139582,0.333000,0.093633,0.156133,0.464929,0.414367,6.775199,8.917110,0.799213,0.123833,944237,0,0,0
cego0,47,2999,244,0.617177,1.000000,0.422698,0.567000,0.224541,0.405000,0.065451,0.084000,0.000000,0.000000,0.126990,0.367000,0.088776,0.163263,0.461342,0.371597,6.639142,7.520263,0.793160,0.162047,732586,1,1,0
cego0,48,2999,232,0.626975,0.933000,0.425612,0.574000,0.260670,0.469000,0.061851,0.083000,0.000000,0.000000,0.126250,0.517000,0.077886,0.170023,0.458673,0.389747,6.888146,9.799593,0.738867,0.171030,719000,0,0,0
cego0,49,2999,307,0.630128,1.000000,0.425370,0.566000,0.289136,0.442000,0.066153,0.086000,0.000000,0.000000,0.138364,0.417000,0.089954,0.147943,0.454142,0.413027,7.388060,8.934323,0.815353,0.137913,911484,0,0,0
cego0,50,2999,282,0.626276,0.971000,0.432676,0.564000,0.256509,0.413000,0.067280,0.085000,0.000000,0.000000,0.139881,0.433000,0.098968,0.159930,0.459883,0.415333,7.122662,9.062097,0.725610,0.191230,847251,0,0,0
cego1,1,2999,218,0.607743,1.000000,0.409120,0.573000,0.215818,0.429000,0.065847,0.088000,0.000000,0.000000,0.147359,0.317000,0.098028,0.187523,0.458249,0.338723,7.636875,9.078263,0.800817,0.092390,669305,0,0,0
cego1,2,2999,271,0.622912,0.978000,0.425658,0.576000,0.277361,0.433000,0.068726,0.090000,0.000000,0.000000,0.160648,0.417000,0.103174,0.185920,0.466537,0.395553,7.890754,10.426453,0.757593,0.119263,801617,0,0,0
cego1,3,2999,326,0.647259,1.000000,0.438540,0.563000,0.250117,0.383000,0.066692,0.086000,0.000000,0.000000,0.118902,0.383000,0.090431,0.138303,0.473028,0.418983,6.670320,7.267957,0.803740,0.142487,969616,0,0,0
cego1,4,2999,242,0.611721,1.000000,0.422775,0.562000,0.204852,0.333000,0.067068,0.086000,0.000000,0.000000,0.131260,0.283000,0.097573,0.159203,0.450132,0.397450,7.513278,8.264863,0.678023,0.227053,737749,0,0,0
cego1,5,2999,304,0.622989,0.960000,0.437433,0.565000,0.268149,0.419000,0.070047,0.092000,0.000000,0.000000,0.139188,0.450000,0.097854,0.157583,0.479142,0.402230,6.816160,8.954627,0.692690,0.251570,890090,0,0,0
cego1,6,2999,319,0.642190,0.971000,0.348453,0.549000,0.358250,0.571000,0.055238,0.081000,0.000000,0.000000,0.144694,0.567000,0.082790,0.184243,0.457018,0.242670,6.736456,10.297690,0.833460,0.131117,976093,0,0,0
cego1,7,2999,309,0.640091,1.000000,0.413925,0.558000,0.293305,0.470000,0.060627,0.077000,0.000000,0.000000,0.128226,0.483000,0.089004,0.168910,0.465299,0.360267,7.541762,8.145833,0.791817,0.129403,945028,0,0,0
cego1,8,2999,273,0.629186,1.000000,0.429098,0.589000,0.277246,0.419000,0.067837,0.088000,0.000000,0.000000,0.148383,0.383000,0.094189,0.171283,0.468947,0.413847,6.985509,9.828140,0.725473,0.207270,806526,1,1,0
cego1,9,2999,352,0.627007,1.000000,0.402923,0.565000,0.370230,0.506000,0.067060,0.089000,0.000000,0.000000,0.155743,0.550000,0.106206,0.173463,0.453114,0.361020,7.355107,8.685840,0.793600,0.146913,1048059,0,0,0
cego1,10,2999,284,0.635825,0.967000,0.429500,0.549000,0.213363,0.379000,0.064538,0.086000,0.000000,0.000000,0.129211,0.283000,0.085982,0.156980,0.467149,0.402630,6.951925,7.186063,0.698273,0.193997,845187,0,0,0
cego1,11,2999,309,0.637261,1.000000,0.446287,0.567000,0.220494,0.353000,0.065958,0.083000,0.000000,0.000000,0.128431,0.350000,0.093833,0.134173,0.482043,0.431847,7.406883,8.292773,0.694207,0.190303,919171,0,0,0
cego1,12,2999,297,0.637251,1.000000,0.403132,0.586000,0.281763,0.430000,0.065562,0.085000,0.000000,0.000000,0.142273,0.383000,0.095327,0.160043,0.457626,0.381217,6.524986,8.889633,0.798803,0.139650,900824,1,0,1
cego1,13,2999,267,0.627511,1.000000,0.414019,0.566000,0.255322,0.414000,0.067276,0.089000,0.000000,0.000000,0.136811,0.417000,0.095114,0.160773,0.462890,0.386180,7.349826,9.608707,0.760380,0.179477,813226,0,0,0
cego1,14,2999,216,0.617080,1.000000,0.413677,0.565000,0.151880,0.332000,0.062265,0.087000,0.000000,0.000000,0.119724,0.333000,0.090765,0.132977,0.447559,0.378620,7.045794,8.670533,0.731793,0.215330,639461,0,0,0
cego1,15,2999,326,0.639961,1.000000,0.389498,0.560000,0.326373,0.482000,0.063310,0.082000,0.000000,0.000000,0.150387,0.367000,0.095246,0.176373,0.462110,0.333903,7.263616,10.028503,0.820693,0.088733,985297,0,0,0
cego1,16,2999,242,0.633168,1.000000,0.444623,0.567000,0.154450,0.289000,0.062231,0.085000,0.000000,0.000000,0.108097,0.267000,0.080708,0.124853,0.472249,0.407847,6.345477,6.702703,0.733117,0.145643,723582,0,0,0
cego1,17,2999,305,0.635482,1.000000,0.421506,0.565000,0.265731,0.431000,0.064111,0.085000,0.000000,0.000000,0.134659,0.467000,0.093185,0.159877,0.469900,0.385230,7.412861,9.712733,0.729130,0.181150,931827,0,0,0
cego1,18,2999,278,0.639466,0.960000,0.435987,0.560000,0.198719,0.342000,0.067351,0.088000,0.000000,0.000000,0.121252,0.283000,0.093747,0.140937,0.470523,0.416553,6.861577,8.409507,0.745647,0.174543,837208,0,0,0
cego1,19,2999,279,0.631700,1.000000,0.444533,0.584000,0.256416,0.423000,0.063474,0.085000,0.000000,0.000000,0.126851,0.400000,0.088178,0.159920,0.471737,0.429083,6.167512,7.061803,0.749877,0.202547,850322,1,1,0
cego1,20,2999,315,0.643118,1.000000,0.398603,0.571000,0.332009,0.500000,0.063429,0.085000,0.000000,0.000000,0.159829,0.417000,0.097947,0.200867,0.473890,0.314313,6.968957,7.302947,0.817700,0.109233,940435,0,0,0
cego1,21,2999,320,0.637318,1.000000,0.376780,0.556000,0.384876,0.537000,0.061588,0.082000,0.000000,0.000000,0.154702,0.467000,0.087164,0.184460,0.454445,0.309873,6.921904,9.167040,0.786993,0.159807,968887,0,0,0
cego1,22,2999,286,0.627965,1.000000,0.459337,0.595000,0.227985,0.392000,0.063137,0.083000,0.000000,0.000000,0.122725,0.400000,0.088940,0.136677,0.473075,0.447527,7.226826,9.382837,0.741347,0.169580,864277,0,0,0
cego1,23,2999,303,0.622303,1.000000,0.419013,0.555000,0.302233,0.446000,0.068073,0.084000,0.000000,0.000000,0.147803,0.283000,0.099160,0.160477,0.468171,0.395807,7.420641,10.245890,0.784647,0.155930,906414,0,0,0
cego1,24,2999,316,0.635278,1.000000,0.433303,0.606000,0.301853,0.443000,0.066735,0.085000,0.000000,0.000000,0.136811,0.433000,0.084587,0.157087,0.473448,0.414373,6.785093,9.615080,0.752877,0.163480,961157,0,0,0
cego1,25,2999,321,0.626514,1.000000,0.410805,0.543000,0.325771,0.458000,0.064693,0.081000,0.000000,0.000000,0.143764,0.417000,0.097719,0.168720,0.443306,0.390763,7.415904,9.209690,0.789273,0.156660,960293,0,0,0
cego1,26,2999,246,0.617205,1.000000,0.426304,0.559000,0.245711,0.413000,0.066227,0.089000,0.000000,0.000000,0.133278,0.250000,0.097609,0.152853,0.455018,0.417037,7.146751,9.338557,0.771533,0.144987,737974,0,0,0
cego1,27,2999,269,0.622000,1.000000,0.411982,0.566000,0.250918,0.411000,0.063484,0.085000,0.000000,0.000000,0.131347,0.433000,0.088320,0.149827,0.453025,0.394637,6.985843,9.029360,0.762870,0.150553,816963,0,0,0
cego1,28,2999,306,0.628062,1.000000,0.434103,0.566000,0.258034,0.371000,0.070352,0.089000,0.000000,0.000000,0.142805,0.300000,0.089904,0.164190,0.474822,0.408093,7.117840,9.338310,0.756393,0.126990,930038,0,0,0
cego1,29,2999,368,0.641441,1.000000,0.418272,0.562000,0.321754,0.476000,0.063161,0.082000,0.000000,0.000000,0.135595,0.417000,0.083516,0.158233,0.465630,0.393037,7.082819,9.454460,0.761200,0.125863,1095850,0,0,0
cego1,30,2999,270,0.624123,1.000000,0.443612,0.577000,0.215231,0.341000,0.066346,0.090000,0.000000,0.000000,0.135896,0.350000,0.097046,0.148797,0.455890,0.441607,7.479505,9.526717,0.723540,0.189240,817035,0,0,0
cego1,31,2999,250,0.601742,1.000000,0.439942,0.578000,0.210818,0.358000,0.066050,0.088000,0.000000,0.000000,0.137665,0.417000,0.094836,0.146240,0.459416,0.439260,6.454146,9.038167,0.693657,0.246460,741495,0,0,0
cego1,32,2999,263,0.619262,1.000000,0.414117,0.577000,0.226229,0.383000,0.067673,0.088000,0.000000,0.000000,0.140370,0.283000,0.098932,0.154870,0.471221,0.385173,7.323157,9.689240,0.759850,0.165163,808334,1,1,0
cego1,33,2999,329,0.636665,1.000000,0.442261,0.599000,0.305360,0.448000,0.068358,0.086000,0.000000,0.000000,0.146931,0.367000,0.082680,0.172007,0.491626,0.413890,6.113028,9.606193,0.745223,0.172697,983986,0,0,0
cego1,34,2999,269,0.623204,1.000000,0.436350,0.563000,0.216419,0.345000,0.066625,0.088000,0.000000,0.000000,0.128643,0.250000,0.095448,0.150167,0.466228,0.416810,6.755605,7.219297,0.758697,0.165087,810069,0,0,0
cego1,35,2999,358,0.655820,1.000000,0.304413,0.571000,0.399755,0.577000,0.045789,0.074000,0.000000,0.000000,0.154360,0.433000,0.088900,0.190580,0.463769,0.185217,6.665356,5.600887,0.875073,0.074400,1100448,0,0,0
cego1,36,2999,204,0.612223,1.000000,0.381683,0.550000,0.197185,0.359000,0.064433,0.088000,0.000000,0.000000,0.125993,0.317000,0.094178,0.160077,0.427441,0.351183,6.632100,7.696917,0.798043,0.141627,629293,0,0,0
cego1,37,2999,355,0.641277,1.000000,0.404950,0.556000,0.349506,0.518000,0.061969,0.080000,0.000000,0.000000,0.143974,0.450000,0.093601,0.171000,0.465395,0.360890,7.369406,9.342633,0.811500,0.121350,1070686,0,0,0
cego1,38,2999,294,0.633114,1.000000,0.434633,0.560000,0.229831,0.384000,0.067147,0.086000,0.000000,0.000000,0.137167,0.317000,0.091402,0.166637,0.476673,0.401820,6.761851,8.437140,0.754263,0.141943,872684,0,0,0
cego1,39,2999,227,0.624288,1.000000,0.408888,0.556000,0.244300,0.404000,0.066279,0.085000,0.000000,0.000000,0.145167,0.367000,0.099007,0.182887,0.459381,0.354847,6.571345,8.213193,0.792237,0.137140,703202,0,0,0
cego1,40,2999,345,0.629194,1.000000,0.432022,0.549000,0.300760,0.442000,0.065120,0.084000,0.000000,0.000000,0.138446,0.350000,0.091847,0.150277,0.460032,0.414137,6.769886,9.461113,0.673353,0.220807,1015539,0,0,0
cego1,41,2999,313,0.641039,1.000000,0.417886,0.554000,0.271175,0.423000,0.065120,0.085000,0.000000,0.000000,0.133494,0.400000,0.090135,0.151487,0.462093,0.390490,6.983174,8.594027,0.771640,0.167647,946511,0,0,0
cego1,42,2999,283,0.628751,1.000000,0.404887,0.555000,0.302214,0.444000,0.068676,0.087000,0.000000,0.000000,0.153285,0.433000,0.096612,0.169537,0.457932,0.389537,6.808000,9.356997,0.649843,0.318910,855097,0,0,0
cego1,43,2999,278,0.627562,1.000000,0.435924,0.575000,0.238743,0.388000,0.066142,0.086000,0.000000,0.000000,0.131709,0.417000,0.097829,0.156800,0.481007,0.401007,7.229007,7.596237,0.777777,0.117537,854544,0,0,0
cego1,44,2999,247,0.615045,1.000000,0.365150,0.567000,0.276636,0.441000,0.059066,0.081000,0.000000,0.000000,0.156696,0.333000,0.097555,0.190593,0.462968,0.287073,7.644363,6.515740,0.808997,0.113450,736291,1,1,0
cego1,45,2999,291,0.637099,0.971000,0.417320,0.584000,0.259950,0.428000,0.065550,0.087000,0.000000,0.000000,0.144995,0.400000,0.086815,0.173893,0.466698,0.383207,7.436349,9.335220,0.720150,0.187720,857302,0,0,0
cego1,46,2999,309,0.625304,1.000000,0.427371,0.551000,0.294087,0.418000,0.067244,0.085000,0.000000,0.000000,0.139582,0.333000,0.093633,0.156133,0.464929,0.414367,6.775199,8.917110,0.799213,0.123833,944237,0,0,0
cego1,47,2999,244,0.617177,1.000000,0.422698,0.567000,0.224541,0.405000,0.065451,0.084000,0.000000,0.000000,0.126990,0.367000,0.088776,0.163263,0.461342,0.371597,6.639142,7.520263,0.793160,0.162047,732586,1,1,0
cego1,48,2999,232,0.626975,0.933000,0.425612,0.574000,0.260670,0.469000,0.061851,0.083000,0.000000,0.000000,0.126250,0.517000,0.077886,0.170023,0.458673,0.389747,6.888146,9.799593,0.738867,0.171030,719000,0,0,0
cego1,49,2999,307,0.630128,1.000000,0.425370,0.566000,0.289136,0.442000,0.066153,0.086000,0.000000,0.000000,0.138364,0.417000,0.089954,0.147943,0.454142,0.413027,7.388060,8.934323,0.815353,0.137913,911484,0,0,0
cego1,50,2999,282,0.626276,0.971000,0.432676,0.564000,0.256509,0.413000,0.067280,0.085000,0.000000,0.000000,0.139881,0.433000,0.098968,0.159930,0.459883,0.415333,7.122662,9.062097,0.725610,0.191230,847251,0,0,0
cego2,1,2999,218,0.607743,1.000000,0.409120,0.573000,0.215818,0.429000,0.065847,0.088000,0.000000,0.000000,0.147359,0.317000,0.098028,0.187523,0.458249,0.338723,7.636875,9.078263,0.800817,0.092390,669305,0,0,0
cego2,2,2999,271,0.622912,0.978000,0.425658,0.576000,0.277361,0.433000,0.068726,0.090000,0.000000,0.000000,0.160648,0.417000,0.103174,0.185920,0.466537,0.395553,7.890754,10.426453,0.757593,0.119263,801617,0,0,0
cego2,3,2999,326,0.647259,1.000000,0.438540,0.563000,0.250117,0.383000,0.066692,0.086000,0.000000,0.000000,0.118902,0.383000,0.090431,0.138303,0.473028,0.418983,6.670320,7.267957,0.803740,0.142487,969616,0,0,0
cego2,4,2999,242,0.611721,1.000000,0.422775,0.562000,0.204852,0.333000,0.067068,0.086000,0.000000,0.000000,0.131260,0.283000,0.097573,0.159203,0.450132,0.397450,7.513278,8.264863,0.678023,0.227053,737749,0,0,0
cego2,5,2999,304,0.622989,0.960000,0.437433,0.565000,0.268149,0.419000,0.070047,0.092000,0.000000,0.000000,0.139188,0.450000,0.097854,0.157583,0.479142,0.402230,6.816160,8.954627,0.692690,0.251570,890090,0,0,0
cego2,6,2999,319,0.642190,0.971000,0.348453,0.549000,0.358250,0.571000,0.055238,0.081000,0.000000,0.000000,0.144694,0.567000,0.082790,0.184243,0.457018,0.242670,6.736456,10.297690,0.833460,0.131117,976093,0,0,0
cego2,7,2999,309,0.640091,1.000000,0.413925,0.558000,0.293305,0.470000,0.060627,0.077000,0.000000,0.000000,0.128226,0.483000,0.089004,0.168910,0.465299,0.360267,7.541762,8.145833,0.791817,0.129403,945028,0,0,0
cego2,8,2999,273,0.629186,1.000000,0.429098,0.589000,0.277246,0.419000,0.067837,0.088000,0.000000,0.000000,0.148383,0.383000,0.094189,0.171283,0.468947,0.413847,6.985509,9.828140,0.725473,0.207270,806526,1,1,0
cego2,9,2999,352,0.627007,1.000000,0.402923,0.565000,0.370230,0.506000,0.067060,0.089000,0.000000,0.000000,0.155743,0.550000,0.106206,0.173463,0.453114,0.361020,7.355107,8.685840,0.793600,0.146913,1048059,0,0,0
cego2,10,2999,284,0.635825,0.967000,0.429500,0.549000,0.213363,0.379000,0.064538,0.086000,0.000000,0.000000,0.129211,0.283000,0.085982,0.156980,0.467149,0.402630,6.951925,7.186063,0.698273,0.193997,845187,0,0,0
cego2,11,2999,309,0.637261,1.000000,0.446287,0.567000,0.220494,0.353000,0.065958,0.083000,0.000000,0.000000,0.128431,0.350000,0.093833,0.134173,0.482043,0.431847,7.406883,8.292773,0.694207,0.190303,919171,0,0,0
cego2,12,2999,297,0.637251,1.000000,0.403132,0.586000,0.281763,0.430000,0.065562,0.085000,0.000000,0.000000,0.142273,0.383000,0.095327,0.160043,0.457626,0.381217,6.524986,8.889633,0.798803,0.139650,900824,1,0,1
cego2,13,2999,267,0.627511,1.000000,0.414019,0.566000,0.255322,0.414000,0.067276,0.089000,0.000000,0.000000,0.136811,0.417000,0.095114,0.160773,0.462890,0.386180,7.349826,9.608707,0.760380,0.179477,813226,0,0,0
cego2,14,2999,216,0.617080,1.000000,0.413677,0.565000,0.151880,0.332000,0.062265,0.087000,0.000000,0.000000,0.119724,0.333000,0.090765,0.132977,0.447559,0.378620,7.045794,8.670533,0.731793,0.215330,639461,0,0,0
cego2,15,2999,326,0.639961,1.000000,0.389498,0.560000,0.326373,0.482000,0.063310,0.082000,0.000000,0.000000,0.150387,0.367000,0.095246,0.176373,0.462110,0.333903,7.263616,10.028503,0.820693,0.088733,985297,0,0,0
cego2,16,2999,242,0.633168,1.000000,0.444623,0.567000,0.154450,0.289000,0.062231,0.085000,0.000000,0.000000,0.108097,0.267000,0.080708,0.124853,0.472249,0.407847,6.345477,6.702703,0.733117,0.145643,723582,0,0,0
cego2,17,2999,305,0.635482,1.000000,0.421506,0.565000,0.265731,0.431000,0.064111,0.085000,0.000000,0.000000,0.134659,0.467000,0.093185,0.159877,0.469900,0.385230,7.412861,9.712733,0.729130,0.181150,931827,0,0,0
cego2,18,2999,278,0.639466,0.960000,0.435987,0.560000,0.198719,0.342000,0.067351,0.088000,0.000000,0.000000,0.121252,0.283000,0.093747,0.140937,0.470523,0.416553,6.861577,8.409507,0.745647,0.174543,837208,0,0,0
cego2,19,2999,279,0.631700,1.000000,0.444533,0.584000,0.256416,0.423000,0.063474,0.085000,0.000000,0.000000,0.126851,0.400000,0.088178,0.159920,0.471737,0.429083,6.167512,7.061803,0.749877,0.202547,850322,1,1,0
cego2,20,2999,315,0.643118,1.000000,0.398603,0.571000,0.332009,0.500000,0.063429,0.085000,0.000000,0.000000,0.159829,0.417000,0.097947,0.200867,0.473890,0.314313,6.968957,7.302947,0.817700,0.109233,940435,0,0,0
cego2,21,2999,320,0.637318,1.000000,0.376780,0.556000,0.384876,0.537000,0.061588,0.082000,0.000000,0.000000,0.154702,0.467000,0.087164,0.184460,0.454445,0.309873,6.921904,9.167040,0.786993,0.159807,968887,0,0,0
cego2,22,2999,286,0.627965,1.000000,0.459337,0.595000,0.227985,0.392000,0.063137,0.083000,0.000000,0.000000,0.122725,0.400000,0.088940,0.136677,0.473075,0.447527,7.226826,9.382837,0.741347,0.169580,864277,0,0,0
cego2,23,2999,303,0.622303,1.000000,0.419013,0.555000,0.302233,0.446000,0.068073,0.084000,0.000000,0.000000,0.147803,0.283000,0.099160,0.160477,0.468171,0.395807,7.420641,10.245890,0.784647,0.155930,906414,0,0,0
cego2,24,2999,316,0.635278,1.000000,0.433303,0.606000,0.301853,0.443000,0.066735,0.085000,0.000000,0.000000,0.136811,0.433000,0.084587,0.157087,0.473448,0.414373,6.785093,9.615080,0.752877,0.163480,961157,0,0,0
cego2,25,2999,321,0.626514,1.000000,0.410805,0.543000,0.325771,0.458000,0.064693,0.081000,0.000000,0.000000,0.143764,0.417000,0.097719,0.168720,0.443306,0.390763,7.415904,9.209690,0.789273,0.156660,960293,0,0,0
cego2,26,2999,246,0.617205,1.000000,0.426304,0.559000,0.245711,0.413000,0.066227,0.089000,0.000000,0.000000,0.133278,0.250000,0.097609,0.152853,0.455018,0.417037,7.146751,9.338557,0.771533,0.144987,737974,0,0,0
cego2,27,2999,269,0.622000,1.000000,0.411982,0.566000,0.250918,0.411000,0.063484,0.085000,0.000000,0.000000,0.131347,0.433000,0.088320,0.149827,0.453025,0.394637,6.985843,9.029360,0.762870,0.150553,816963,0,0,0
cego2,28,2999,306,0.628062,1.000000,0.434103,0.566000,0.258034,0.371000,0.070352,0.089000,0.000000,0.000000,0.142805,0.300000,0.089904,0.164190,0.474822,0.408093,7.117840,9.338310,0.756393,0.126990,930038,0,0,0
cego2,29,2999,368,0.641441,1.000000,0.418272,0.562000,0.321754,0.476000,0.063161,0.082000,0.000000,0.000000,0.135595,0.417000,0.083516,0.158233,0.465630,0.393037,7.082819,9.454460,0.761200,0.125863,1095850,0,0,0
cego2,30,2999,270,0.624123,1.000000,0.443612,0.577000,0.215231,0.341000,0.066346,0.090000,0.000000,0.000000,0.135896,0.350000,0.097046,0.148797,0.455890,0.441607,7.479505,9.526717,0.723540,0.189240,817035,0,0,0
cego2,31,2999,250,0.601742,1.000000,0.439942,0.578000,0.210818,0.358000,0.066050,0.088000,0.000000,0.000000,0.137665,0.417000,0.094836,0.146240,0.459416,0.439260,6.454146,9.038167,0.693657,0.246460,741495,0,0,0
cego2,32,2999,263,0.619262,1.000000,0.414117,0.577000,0.226229,0.383000,0.067673,0.088000,0.000000,0.000000,0.140370,0.283000,0.098932,0.154870,0.471221,0.385173,7.323157,9.689240,0.759850,0.165163,808334,1,1,0
cego2,33,2999,329,0.636665,1.000000,0.442261,0.599000,0.305360,0.448000,0.068358,0.086000,0.000000,0.000000,0.146931,0.367000,0.082680,0.172007,0.491626,0.413890,6.113028,9.606193,0.745223,0.172697,983986,0,0,0
cego2,34,2999,269,0.623204,1.000000,0.436350,0.563000,0.216419,0.345000,0.066625,0.088000,0.000000,0.000000,0.128643,0.250000,0.095448,0.150167,0.466228,0.416810,6.755605,7.219297,0.758697,0.165087,810069,0,0,0
cego2,35,2999,358,0.655820,1.000000,0.304413,0.571000,0.399755,0.577000,0.045789,0.074000,0.000000,0.000000,0.154360,0.433000,0.088900,0.190580,0.463769,0.185217,6.665356,5.600887,0.875073,0.074400,1100448,0,0,0
cego2,36,2999,204,0.612223,1.000000,0.381683,0.550000,0.197185,0.359000,0.064433,0.088000,0.000000,0.000000,0.125993,0.317000,0.094178,0.160077,0.427441,0.351183,6.632100,7.696917,0.798043,0.141627,629293,0,0,0
cego2,37,2999,355,0.641277,1.000000,0.404950,0.556000,0.349506,0.518000,0.061969,0.080000,0.000000,0.000000,0.143974,0.450000,0.093601,0.171000,0.465395,0.360890,7.369406,9.342633,0.811500,0.121350,1070686,0,0,0
cego2,38,2999,294,0.633114,1.000000,0.434633,0.560000,0.229831,0.384000,0.067147,0.086000,0.000000,0.000000,0.137167,0.317000,0.091402,0.166637,0.476673,0.401820,6.761851,8.437140,0.754263,0.141943,872684,0,0,0
cego2,39,2999,227,0.624288,1.000000,0.408888,0.556000,0.244300,0.404000,0.066279,0.085000,0.000000,0.000000,0.145167,0.367000,0.099007,0.182887,0.459381,0.354847,6.571345,8.213193,0.792237,0.137140,703202,0,0,0
cego2,40,2999,345,0.629194,1.000000,0.432022,0.549000,0.300760,0.442000,0.065120,0.084000,0.000000,0.000000,0.138446,0.350000,0.091847,0.150277,0.460032,0.414137,6.769886,9.461113,0.673353,0.220807,1015539,0,0,0
cego2,41,2999,313,0.641039,1.000000,0.417886,0.554000,0.271175,0.423000,0.065120,0.085000,0.000000,0.000000,0.133494,0.400000,0.090135,0.151487,0.462093,0.390490,6.983174,8.594027,0.771640,0.167647,946511,0,0,0
cego2,42,2999,283,0.628751,1.000000,0.404887,0.555000,0.302214,0.444000,0.068676,0.087000,0.000000,0.000000,0.153285,0.433000,0.096612,0.169537,0.457932,0.389537,6.808000,9.356997,0.649843,0.318910,855097,0,0,0
cego2,43,2999,278,0.627562,1.000000,0.435924,0.575000,0.238743,0.388000,0.066142,0.086000,0.000000,0.000000,0.131709,0.417000,0.097829,0.156800,0.481007,0.401007,7.229007,7.596237,0.777777,0.117537,854544,0,0,0
cego2,44,2999,247,0.615045,1.000000,0.365150,0.567000,0.276636,0.441000,0.059066,0.081000,0.000000,0.000000,0.156696,0.333000,0.097555,0.190593,0.462968,0.287073,7.644363,6.515740,0.808997,0.113450,736291,1,1,0
cego2,45,2999,291,0.637099,0.971000,0.417320,0.584000,0.259950,0.428000,0.065550,0.087000,0.000000,0.000000,0.144995,0.400000,0.086815,0.173893,0.466698,0.383207,7.436349,9.335220,0.720150,0.187720,857302,0,0,0
cego2,46,2999,309,0.625304,1.000000,0.427371,0.551000,0.294087,0.418000,0.067244,0.085000,0.000000,0.000000,0.139582,0.333000,0.093633,0.156133,0.464929,0.414367,6.775199,8.917110,0.799213,0.123833,944237,0,0,0
cego2,47,2999,244,0.617177,1.000000,0.422698,0.567000,0.224541,0.405000,0.065451,0.084000,0.000000,0.000000,0.126990,0.367000,0.088776,0.163263,0.461342,0.371597,6.639142,7.520263,0.793160,0.162047,732586,1,1,0
cego2,48,2999,232,0.626975,0.933000,0.425612,0.574000,0.260670,0.469000,0.061851,0.083000,0.000000,0.000000,0.126250,0.517000,0.077886,0.170023,0.458673,0.389747,6.888146,9.799593,0.738867,0.171030,719000,0,0,0
cego2,49,2999,307,0.630128,1.000000,0.425370,0.566000,0.289136,0.442000,0.066153,0.086000,0.000000,0.000000,0.138364,0.417000,0.089954,0.147943,0.454142,0.413027,7.388060,8.934323,0.815353,0.137913,911484,0,0,0
cego2,50,2999,282,0.626276,0.971000,0.432676,0.564000,0.256509,0.413000,0.067280,0.085000,0.000000,0.000000,0.139881,0.433000,0.098968,0.159930,0.459883,0.415333,7.122662,9.062097,0.725610,0.191230,847251,0,0,0
cego3,1,2999,218,0.607743,1.000000,0.409120,0.573000,0.215818,0.429000,0.065847,0.088000,0.000000,0.000000,0.147359,0.317000,0.098028,0.187523,0.458249,0.338723,7.636875,9.078263,0.800817,0.092390,669305,0,0,0
cego3,2,2999,271,0.622912,0.978000,0.425658,0.576000,0.277361,0.433000,0.068726,0.090000,0.000000,0.000000,0.160648,0.417000,0.103174,0.185920,0.466537,0.395553,7.890754,10.426453,0.757593,0.119263,801617,0,0,0
cego3,3,2999,326,0.647259,1.000000,0.438540,0.563000,0.250117,0.383000,0.066692,0.086000,0.000000,0.000000,0.118902,0.383000,0.090431,0.138303,0.473028,0.418983,6.670320,7.267957,0.803740,0.142487,969616,0,0,0
cego3,4,2999,242,0.611721,1.000000,0.422775,0.562000,0.204852,0.333000,0.067068,0.086000,0.000000,0.000000,0.131260,0.283000,0.097573,0.159203,0.450132,0.397450,7.513278,8.264863,0.678023,0.227053,737749,0,0,0
cego3,5,2999,304,0.622989,0.960000,0.437433,0.565000,0.268149,0.419000,0.070047,0.092000,0.000000,0.000000,0.139188,0.450000,0.097854,0.157583,0.479142,0.402230,6.816160,8.954627,0.692690,0.251570,890090,0,0,0
cego3,6,2999,319,0.642190,0.971000,0.348453,0.549000,0.358250,0.571000,0.055238,0.081000,0.000000,0.000000,0.144694,0.567000,0.082790,0.184243,0.457018,0.242670,6.736456,10.297690,0.833460,0.131117,976093,0,0,0
cego3,7,2999,309,0.640091,1.000000,0.413925,0.558000,0.293305,0.470000,0.060627,0.077000,0.000000,0.000000,0.128226,0.483000,0.089004,0.168910,0.465299,0.360267,7.541762,8.145833,0.791817,0.129403,945028,0,0,0
cego3,8,2999,273,0.629186,1.000000,0.429098,0.589000,0.277246,0.419000,0.067837,0.088000,0.000000,0.000000,0.148383,0.383000,0.094189,0.171283,0.468947,0.413847,6.985509,9.828140,0.725473,0.207270,806526,1,1,0
cego3,9,2999,352,0.627007,1.000000,0.402923,0.565000,0.370230,0.506000,0.067060,0.089000,0.000000,0.000000,0.155743,0.550000,0.106206,0.173463,0.453114,0.361020,7.355107,8.685840,0.793600,0.146913,1048059,0,0,0
cego3,10,2999,284,0.635825,0.967000,0.429500,0.549000,0.213363,0.379000,0.064538,0.086000,0.000000,0.000000,0.129211,0.283000,0.085982,0.156980,0.467149,0.402630,6.951925,7.186063,0.698273,0.193997,845187,0,0,0
cego3,11,2999,309,0.637261,1.000000,0.446287,0.567000,0.220494,0.353000,0.065958,0.083000,0.000000,0.000000,0.128431,0.350000,0.093833,0.134173,0.482043,0.431847,7.406883,8.292773,0.694207,0.190303,919171,0,0,0
cego3,12,2999,297,0.637251,1.000000,0.403132,0.586000,0.281763,0.430000,0.065562,0.085000,0.000000,0.000000,0.142273,0.383000,0.095327,0.160043,0.457626,0.381217,6.524986,8.889633,0.798803,0.139650,900824,1,0,1
cego3,13,2999,267,0.627511,1.000000,0.414019,0.566000,0.255322,0.414000,0.067276,0.089000,0.000000,0.000000,0.136811,0.417000,0.095114,0.160773,0.462890,0.386180,7.349826,9.608707,0.760380,0.179477,813226,0,0,0
cego3,14,2999,216,0.617080,1.000000,0.413677,0.565000,0.151880,0.332000,0.062265,0.087000,0.000000,0.000000,0.119724,0.333000,0.090765,0.132977,0.447559,0.378620,7.045794,8.670533,0.731793,0.215330,639461,0,0,0
cego3,15,2999,326,0.639961,1.000000,0.389498,0.560000,0.326373,0.482000,0.063310,0.082000,0.000000,0.000000,0.150387,0.367000,0.095246,0.176373,0.462110,0.333903,7.263616,10.028503,0.820693,0.088733,985297,0,0,0
cego3,16,2999,242,0.633168,1.000000,0.444623,0.567000,0.154450,0.289000,0.062231,0.085000,0.000000,0.000000,0.108097,0.267000,0.080708,0.124853,0.472249,0.407847,6.345477,6.702703,0.733117,0.145643,723582,0,0,0
cego3,17,2999,305,0.635482,1.000000,0.421506,0.565000,0.265731,0.431000,0.064111,0.085000,0.000000,0.000000,0.134659,0.467000,0.093185,0.159877,0.469900,0.385230,7.412861,9.712733,0.729130,0.181150,931827,0,0,0
cego3,18,2999,278,0.639466,0.960000,0.435987,0.560000,0.198719,0.342000,0.067351,0.088000,0.000000,0.000000,0.121252,0.283000,0.093747,0.140937,0.470523,0.416553,6.861577,8.409507,0.745647,0.174543,837208,0,0,0
cego3,19,2999,279,0.631700,1.000000,0.444533,0.584000,0.256416,0.423000,0.063474,0.085000,0.000000,0.000000,0.126851,0.400000,0.088178,0.159920,0.471737,0.429083,6.167512,7.061803,0.749877,0.202547,850322,1,1,0
cego3,20,2999,315,0.643118,1.000000,0.398603,0.571000,0.332009,0.500000,0.063429,0.085000,0.000000,0.000000,0.159829,0.417000,0.097947,0.200867,0.473890,0.314313,6.968957,7.302947,0.817700,0.109233,940435,0,0,0
cego3,21,2999,320,0.637318,1.000000,0.376780,0.556000,0.384876,0.537000,0.061588,0.082000,0.000000,0.000000,0.154702,0.467000,0.087164,0.184460,0.454445,0.309873,6.921904,9.167040,0.786993,0.159807,968887,0,0,0
cego3,22,2999,286,0.627965,1.000000,0.459337,0.595000,0.227985,0.392000,0.063137,0.083000,0.000000,0.000000,0.122725,0.400000,0.088940,0.136677,0.473075,0.447527,7.226826,9.382837,0.741347,0.169580,864277,0,0,0
cego3,23,2999,303,0.622303,1.000000,0.419013,0.555000,0.302233,0.446000,0.068073,0.084000,0.000000,0.000000,0.147803,0.283000,0.099160,0.160477,0.468171,0.395807,7.420641,10.245890,0.784647,0.155930,906414,0,0,0
cego3,24,2999,316,0.635278,1.000000,0.433303,0.606000,0.301853,0.443000,0.066735,0.085000,0.000000,0.000000,0.136811,0.433000,0.084587,0.157087,0.473448,0.414373,6.785093,9.615080,0.752877,0.163480,961157,0,0,0
cego3,25,2999,321,0.626514,1.000000,0.410805,0.543000,0.325771,0.458000,0.064693,0.081000,0.000000,0.000000,0.143764,0.417000,0.097719,0.168720,0.443306,0.390763,7.415904,9.209690,0.789273,0.156660,960293,0,0,0
cego3,26,2999,246,0.617205,1.000000,0.426304,0.559000,0.245711,0.413000,0.066227,0.089000,0.000000,0.000000,0.133278,0.250000,0.097609,0.152853,0.455018,0.417037,7.146751,9.338557,0.771533,0.144987,737974,0,0,0
cego3,27,2999,269,0.622000,1.000000,0.411982,0.566000,0.250918,0.411000,0.063484,0.085000,0.000000,0.000000,0.131347,0.433000,0.088320,0.149827,0.453025,0.394637,6.985843,9.029360,0.762870,0.150553,816963,0,0,0
cego3,28,2999,306,0.628062,1.000000,0.434103,0.566000,0.258034,0.371000,0.070352,0.089000,0.000000,0.000000,0.142805,0.300000,0.089904,0.164190,0.474822,0.408093,7.117840,9.338310,0.756393,0.126990,930038,0,0,0
cego3,29,2999,368,0.641441,1.000000,0.418272,0.562000,0.321754,0.476000,0.063161,0.082000,0.000000,0.000000,0.135595,0.417000,0.083516,0.158233,0.465630,0.393037,7.082819,9.454460,0.761200,0.125863,1095850,0,0,0
cego3,30,2999,270,0.624123,1.000000,0.443612,0.577000,0.215231,0.341000,0.066346,0.090000,0.000000,0.000000,0.135896,0.350000,0.097046,0.148797,0.455890,0.441607,7.479505,9.526717,0.723540,0.189240,817035,0,0,0
cego3,31,2999,250,0.601742,1.000000,0.439942,0.578000,0.210818,0.358000,0.066050,0.088000,0.000000,0.000000,0.137665,0.417000,0.094836,0.146240,0.459416,0.439260,6.454146,9.038167,0.693657,0.246460,741495,0,0,0
cego3,32,2999,263,0.619262,1.000000,0.414117,0.577000,0.226229,0.383000,0.067673,0.088000,0.000000,0.000000,0.140370,0.283000,0.098932,0.154870,0.471221,0.385173,7.323157,9.689240,0.759850,0.165163,808334,1,1,0
cego3,33,2999,329,0.636665,1.000000,0.442261,0.599000,0.305360,0.448000,0.068358,0.086000,0.000000,0.000000,0.146931,0.367000,0.082680,0.172007,0.491626,0.413890,6.113028,9.606193,0.745223,0.172697,983986,0,0,0
cego3,34,2999,269,0.623204,1.000000,0.436350,0.563000,0.216419,0.345000,0.066625,0.088000,0.000000,0.000000,0.128643,0.250000,0.095448,0.150167,0.466228,0.416810,6.755605,7.219297,0.758697,0.165087,810069,0,0,0
cego3,35,2999,358,0.655820,1.000000,0.304413,0.571000,0.399755,0.577000,0.045789,0.074000,0.000000,0.000000,0.154360,0.433000,0.088900,0.190580,0.463769,0.185217,6.665356,5.600887,0.875073,0.074400,1100448,0,0,0
cego3,36,2999,204,0.612223,1.000000,0.381683,0.550000,0.197185,0.359000,0.064433,0.088000,0.000000,0.000000,0.125993,0.317000,0.094178,0.160077,0.427441,0.351183,6.632100,7.696917,0.798043,0.141627,629293,0,0,0
cego3,37,2999,355,0.641277,1.000000,0.404950,0.556000,0.349506,0.518000,0.061969,0.080000,0.000000,0.000000,0.143974,0.450000,0.093601,0.171000,0.465395,0.360890,7.369406,9.342633,0.811500,0.121350,1070686,0,0,0
cego3,38,2999,294,0.633114,1.000000,0.434633,0.560000,0.229831,0.384000,0.067147,0.086000,0.000000,0.000000,0.137167,0.317000,0.091402,0.166637,0.476673,0.401820,6.761851,8.437140,0.754263,0.141943,872684,0,0,0
cego3,39,2999,227,0.624288,1.000000,0.408888,0.556000,0.244300,0.404000,0.066279,0.085000,0.000000,0.000000,0.145167,0.367000,0.099007,0.182887,0.459381,0.354847,6.571345,8.213193,0.792237,0.137140,703202,0,0,0
cego3,40,2999,345,0.629194,1.000000,0.432022,0.549000,0.300760,0.442000,0.065120,0.084000,0.000000,0.000000,0.138446,0.350000,0.091847,0.150277,0.460032,0.414137,6.769886,9.461113,0.673353,0.220807,1015539,0,0,0
cego3,41,2999,313,0.641039,1.000000,0.417886,0.554000,0.271175,0.423000,0.065120,0.085000,0.000000,0.000000,0.133494,0.400000,0.090135,0.151487,0.462093,0.390490,6.983174,8.594027,0.771640,0.167647,946511,0,0,0
cego3,42,2999,283,0.628751,1.000000,0.404887,0.555000,0.302214,0.444000,0.068676,0.087000,0.000000,0.000000,0.153285,0.433000,0.096612,0.169537,0.457932,0.389537,6.808000,9.356997,0.649843,0.318910,855097,0,0,0
cego3,43,2999,278,0.627562,1.000000,0.435924,0.575000,0.238743,0.388000,0.066142,0.086000,0.000000,0.000000,0.131709,0.417000,0.097829,0.156800,0.481007,0.401007,7.229007,7.596237,0.777777,0.117537,854544,0,0,0
cego3,44,2999,247,0.615045,1.000000,0.365150,0.567000,0.276636,0.441000,0.059066,0.081000,0.000000,0.000000,0.156696,0.333000,0.097555,0.190593,0.462968,0.287073,7.644363,6.515740,0.808997,0.113450,736291,1,1,0
cego3,45,2999,291,0.637099,0.971000,0.417320,0.584000,0.259950,0.428000,0.065550,0.087000,0.000000,0.000000,0.144995,0.400000,0.086815,0.173893,0.466698,0.383207,7.436349,9.335220,0.720150,0.187720,857302,0,0,0
cego3,46,2999,309,0.625304,1.000000,0.427371,0.551000,0.294087,0.418000,0.067244,0.085000,0.000000,0.000000,0.139582,0.333000,0.093633,0.156133,0.464929,0.414367,6.775199,8.917110,0.799213,0.123833,944237,0,0,0
cego3,47,2999,244,0.617177,1.000000,0.422698,0.567000,0.224541,0.405000,0.065451,0.084000,0.000000,0.000000,0.126990,0.367000,0.088776,0.163263,0.461342,0.371597,6.639142,7.520263,0.793160,0.162047,732586,1,1,0
cego3,48,2999,232,0.626975,0.933000,0.425612,0.574000,0.260670,0.469000,0.061851,0.083000,0.000000,0.000000,0.126250,0.517000,0.077886,0.170023,0.458673,0.389747,6.888146,9.799593,0.738867,0.171030,719000,0,0,0
cego3,49,2999,307,0.630128,1.000000,0.425370,0.566000,0.289136,0.442000,0.066153,0.086000,0.000000,0.000000,0.138364,0.417000,0.089954,0.147943,0.454142,0.413027,7.388060,8.934323,0.815353,0.137913,911484,0,0,0
cego3,50,2999,282,0.626276,0.971000,0.432676,0.564000,0.256509,0.413000,0.067280,0.085000,0.000000,0.000000,0.139881,0.433000,0.098968,0.159930,0.459883,0.415333,7.122662,9.062097,0.725610,0.191230,847251,0,0,0
